ID,Address,Rooms,Type,Price,Date,Bathroom,Car,Landsize,Age,Lattitude,Longtitude
ID907213789,22/14 Crimea St,1,u,350000.0,8/04/2017,1.0,1.0,1236.0,51.0,-37.8585,144.9884
ID397432891,137 East Rd,3,h,512000.0,26/08/2017,1.0,1.0,576.0,36.0,-38.10505,145.15328
ID513834163,2/45 Cathcart St,2,u,485000.0,4/06/2016,1.0,1.0,152.0,7.0,-37.7844,144.8791
ID706464731,5/47 Acland St,2,u,757500.0,19/11/2016,1.0,1.0,0.0,6.0,-37.865,144.9761
ID340118078,43 Mirams St,3,h,1060000.0,27/11/2016,1.0,1.0,555.0,99.0,-37.7767,144.9125
ID329882795,16a Billson St,2,h,980000.0,4/06/2016,1.0,1.0,247.0,79.0,-37.917,145.0137
ID736998054,1/180 Queens Pde,2,t,1054000.0,10/09/2016,2.0,1.0,0.0,119.0,-37.7903,144.9859
ID897894471,42 Lyon Rd,4,h,1042500.0,17/09/2016,2.0,2.0,648.0,44.0,-37.7363,145.0851
ID679576137,13 Horsley St,2,h,910000.0,22/08/2016,1.0,2.0,274.0,49.0,-37.9178,145.0413
ID388519316,8/33 McIntyre St,3,u,746000.0,17/09/2016,1.0,2.0,308.0,24.0,-37.8505,145.1065
ID153154958,3/204 The Boulevard,1,u,405000.0,28/08/2016,1.0,1.0,0.0,59.0,-37.7767,145.0543
ID528941511,2/31 Moonya Rd,2,u,600000.0,3/12/2016,1.0,1.0,73.0,49.0,-37.897,145.0593
ID869322367,14 Venetian Ct,3,h,858000.0,16/09/2017,1.0,2.0,857.0,59.0,-37.802440000000004,145.29711
ID237353678,61 Pardy St,3,h,940000.0,29/07/2017,1.0,1.0,559.0,64.0,-37.7327,144.92966
ID314386227,5/3 Ruskin St,2,u,825000.0,7/11/2016,1.0,2.0,0.0,89.0,-37.874,144.9819
ID322330079,9/2 Alfriston St,1,u,369000.0,18/03/2017,1.0,1.0,1547.0,49.0,-37.8749,144.9903
ID600273307,13 Patricia St,3,h,1525000.0,12/08/2017,1.0,1.0,904.0,54.0,-37.82694,145.12465
ID313675719,32 Ringtail Cct,4,h,826000.0,3/09/2016,2.0,2.0,308.0,7.0,-37.7833,144.8817
ID984598508,2 Boyd St,2,h,2905000.0,3/06/2017,1.0,1.0,254.0,59.0,-37.84583,144.95658
ID474258089,108 Sunset Bvd,3,h,425000.0,16/04/2016,1.0,2.0,650.0,44.0,-37.687,144.9084
ID460535441,50 Milleara Rd,3,h,850000.0,12/08/2017,1.0,1.0,597.0,69.0,-37.73305,144.86526
ID563867852,2/34 Linacre Rd,2,u,665000.0,20/05/2017,1.0,1.0,136.0,49.0,-37.9427,145.0052
ID114425676,22 Warrick Ct,4,h,1600000.0,10/12/2016,3.0,3.0,1801.0,49.0,-37.7532,144.8766
ID524873042,9 Ryland St,3,h,841000.0,16/09/2017,1.0,3.0,533.0,59.0,-37.72631,144.96274
ID353914600,43 Henshall Rd,4,h,1430000.0,16/04/2016,2.0,1.0,607.0,29.0,-37.7376,144.9154
ID156788920,3 Henderson Rd,4,h,821000.0,1/07/2017,1.0,6.0,763.0,3.0,-37.69048,144.87312
ID478124210,3/11 Ormond Rd,2,u,410000.0,26/07/2016,1.0,1.0,0.0,49.0,-37.903,145.0452
ID400700808,2/225 Maribyrnong Rd,2,t,705000.0,18/06/2016,2.0,1.0,113.0,21.0,-37.7712,144.9088
ID433828257,8/67 Denham St,1,u,415000.0,24/09/2016,1.0,1.0,0.0,129.0,-37.8192,145.0221
ID611163597,470 Waterdale Rd,3,h,631000.0,30/07/2016,1.0,1.0,596.0,59.0,-37.7432,145.0479
ID270796837,34/530 Toorak Rd,2,u,517500.0,4/03/2017,1.0,1.0,0.0,99.0,-37.8424,145.0184
ID407749462,2/25 Fernhill St,2,u,960000.0,15/07/2017,1.0,1.0,229.0,29.0,-37.876059999999995,145.15951
ID871333616,296 Gooch St,2,h,740000.0,14/05/2016,1.0,2.0,467.0,61.0,-37.7606,145.0241
ID770565215,1/107 Warrigal Rd,2,u,455000.0,17/06/2017,1.0,1.0,3160.0,49.0,-37.979459999999996,145.07166999999995
ID979418325,52 Monash St,3,h,580500.0,29/07/2017,1.0,1.0,532.0,39.0,-37.66101,145.02568
ID970132001,4 Besant St,3,h,1070000.0,19/11/2016,1.0,3.0,583.0,49.0,-37.9428,145.0296
ID921334071,3/8 Green St,3,t,855000.0,10/12/2016,2.0,2.0,0.0,39.0,-37.765,145.0422
ID636409771,198 Gipps St,2,h,1242000.0,29/04/2017,1.0,1.0,249.0,79.0,-37.8052,144.9963
ID916923753,1/14 Edgar St,3,h,850000.0,24/09/2016,2.0,2.0,285.0,9.0,-37.7491,145.0702
ID443583807,1/183 Kooyong Rd,2,u,857000.0,22/08/2016,0.0,0.0,0.0,56.0,-37.8458,145.0221
ID918098322,5/15 Dickens St,2,u,686000.0,16/04/2016,1.0,1.0,1622.0,49.0,-37.8716,144.9869
ID396969145,294 Moray St,2,h,1355000.0,3/12/2016,1.0,0.0,101.0,107.0,-37.8359,144.9644
ID132367025,315 Elizabeth Dr,3,h,500000.0,22/07/2017,1.0,3.0,678.0,44.0,-37.56935,144.7241
ID885606973,106 Malpas St,3,h,880000.0,16/09/2017,1.0,0.0,480.0,129.0,-37.73346,145.01506
ID984877714,33 Bunbury St,1,h,1700000.0,20/05/2017,1.0,0.0,622.0,2.0,-37.8497,144.8903
ID314482483,50 Lucas St,5,h,2550000.0,12/11/2016,3.0,2.0,915.0,59.0,-37.9231,145.0104
ID321795920,1/8 Estella St,4,t,1350000.0,16/07/2016,2.0,2.0,342.0,59.0,-37.8622,145.0634
ID256508930,35 Douglas St,3,h,1365000.0,10/09/2016,1.0,1.0,792.0,69.0,-37.864000000000004,145.0972
ID818004193,111 Rutherford Rd,4,h,1085000.0,22/08/2016,3.0,2.0,599.0,59.0,-37.7397,145.0934
ID783783659,13 Shaftsbury St,4,h,1742000.0,15/10/2016,2.0,4.0,482.0,13.0,-37.7529,144.9534
ID753586888,306/350 Victoria St,2,u,630000.0,24/09/2016,1.0,1.0,0.0,17.0,-37.8055,144.9547
ID244418969,33 Rainsford Tce,3,h,445000.0,20/05/2017,1.0,2.0,534.0,6.0,-37.6741,144.9698
ID595800940,2/509 St Kilda St,3,h,878500.0,12/11/2016,2.0,1.0,75.0,17.0,-37.8843,144.9917
ID363159672,3 Clive Ct,4,h,950000.0,10/12/2016,3.0,3.0,761.0,49.0,-37.7524,144.8714
ID153947853,42 Sadie St,3,h,822000.0,4/03/2017,1.0,4.0,700.0,69.0,-37.6988,144.9438
ID454463915,18 Inglis St,3,h,1225000.0,27/11/2016,1.0,1.0,311.0,99.0,-37.8546,144.8762
ID869122174,85 Nepean Hwy,3,h,1300000.0,16/09/2017,2.0,2.0,673.0,69.0,-38.02094,145.09736999999996
ID188605402,251 Albion St,4,h,1650000.0,29/04/2017,2.0,4.0,670.0,59.0,-37.7602,144.9591
ID592907977,10/26 Redfern Rd,3,t,1110000.0,8/10/2016,2.0,2.0,94.0,14.0,-37.8302,145.0525
ID554282305,11 Beevers St,3,h,708000.0,15/10/2016,1.0,2.0,585.0,59.0,-37.8258,144.8523
ID307649786,24 Butler St,2,h,937000.0,3/09/2016,1.0,1.0,125.0,69.0,-37.8106,144.994
ID796784151,37 Alamein Rd,3,h,392000.0,28/05/2016,1.0,2.0,372.0,59.0,-37.7383,145.0414
ID412597221,909/118 Kavanagh St,2,u,430000.0,12/11/2016,2.0,0.0,2295.0,5.0,-37.8256,144.9622
ID214787720,10 Jack Rd,4,h,1200000.0,12/08/2017,2.0,4.0,679.0,59.0,-37.96098,145.04275
ID357947920,10 Malcolm Rd,4,h,820000.0,17/06/2017,2.0,2.0,841.0,3.0,-37.76917,145.29265
ID737282322,14 Derham St,4,h,1300000.0,27/05/2017,2.0,2.0,730.0,26.0,-37.8257,144.87552
ID477258583,2/3 Coane St,3,u,973000.0,15/10/2016,2.0,2.0,379.0,17.0,-37.8981,145.0367
ID730202848,1/7 Dalston Rd,3,u,1203500.0,27/05/2017,2.0,2.0,311.0,19.0,-37.89829,145.08141
ID885779884,22 Dyson St,3,h,510000.0,12/08/2017,2.0,2.0,292.0,69.0,-37.71331,144.9871
ID789716367,5 Valdemar Ct,3,h,1743000.0,13/05/2017,1.0,2.0,590.0,94.0,-37.9287,145.0273
ID962602839,5/171 Hotham St,2,u,490000.0,29/04/2017,1.0,0.0,601.0,59.0,-37.8757,144.998
ID917603126,9 Marama St,4,h,1009000.0,12/11/2016,1.0,2.0,590.0,69.0,-37.7197,144.9585
ID400903632,8 Elliminya Ct,5,h,976000.0,29/07/2017,3.0,2.0,537.0,9.0,-37.93759,145.10028
ID205845421,13 Surman Ct,3,h,480000.0,6/08/2016,1.0,2.0,546.0,41.0,-37.7555,144.8295
ID312023907,2/28 Broadmeadows Rd,2,u,470000.0,15/07/2017,1.0,1.0,161.0,59.0,-37.705859999999994,144.87947
ID409321193,1 Meagher St,3,h,741000.0,12/11/2016,1.0,1.0,671.0,59.0,-37.7072,145.0855
ID874055115,8/1277 Toorak Rd,2,u,530000.0,17/09/2016,1.0,1.0,0.0,59.0,-37.8491,145.086
ID297970733,151 Perry St,4,h,1280000.0,19/08/2017,2.0,2.0,485.0,99.0,-37.77044,145.02465
ID412954294,4 Milverton St,4,h,1833000.0,16/04/2016,1.0,1.0,583.0,129.0,-37.7682,144.9151
ID142565861,20 Northcliffe Rd,3,h,1100000.0,26/08/2017,2.0,4.0,737.0,79.0,-38.04214,145.11372
ID330548269,11 Page St,3,h,1370000.0,13/08/2016,2.0,1.0,176.0,129.0,-37.7921,144.9898
ID947172763,7A Brunel St,3,t,815000.0,13/05/2017,2.0,2.0,148.0,69.0,-37.8287,144.8705
ID684803467,30 Don Av,3,h,536500.0,15/07/2017,2.0,4.0,578.0,47.0,-37.873259999999995,144.69103
ID747520430,46A Collins St,3,t,460000.0,17/06/2017,1.0,1.0,160.0,19.0,-37.73915,144.80289
ID846187900,61/120 Sturt St,2,u,642500.0,17/06/2017,1.0,1.0,8888.0,25.0,-37.82481,144.96669
ID920098456,8 Mistletoe Cl,4,h,1010000.0,27/05/2017,2.0,2.0,620.0,25.0,-37.88308,145.24953
ID944564885,2/65 Westbank Tce,1,u,500000.0,3/09/2016,1.0,1.0,0.0,18.0,-37.8226,145.013
ID368912530,5 Alice St,3,h,1100000.0,23/09/2017,2.0,2.0,603.0,15.0,-37.97462,145.07906
ID902982950,1 Nunan St,4,h,856000.0,3/12/2016,2.0,2.0,136.0,22.0,-37.7601,144.9805
ID358900536,23 Glengala Rd,3,h,547500.0,18/06/2016,1.0,2.0,603.0,69.0,-37.7891,144.82299999999995
ID658037161,54 Pentland Pde,6,h,2450000.0,29/07/2017,3.0,2.0,1087.0,99.0,-37.81038,144.89389
ID290809438,75 Ballard St,4,h,970000.0,27/06/2016,1.0,2.0,664.0,59.0,-37.8172,144.8676
ID620248771,2/12 Hodgson Gr,3,u,790000.0,27/11/2016,1.0,2.0,406.0,23.0,-37.9286,145.0737
ID659652530,5 Flourish Wy,4,h,463000.0,22/07/2017,2.0,2.0,358.0,7.0,-37.91807,144.63816
ID739572648,3 Capella St,2,h,1389000.0,22/05/2016,1.0,4.0,701.0,79.0,-37.7867,145.0718
ID121018873,143 Patterson Rd,7,h,1005000.0,4/06/2016,3.0,4.0,607.0,69.0,-37.9269,145.047
ID381970157,41 Highview Dr,3,h,1310000.0,13/08/2016,1.0,2.0,1157.0,59.0,-37.7934,145.1336
ID523891089,17 Winter Ct,5,h,725000.0,27/05/2017,2.0,2.0,574.0,49.0,-37.66936,145.05413000000001
ID447909219,5 Almora Cl,3,h,545000.0,24/06/2017,2.0,2.0,571.0,59.0,-38.14444,145.16788
ID540938691,4/957 Punt Rd,2,u,659000.0,7/11/2016,1.0,1.0,0.0,79.0,-37.8314,144.9877
ID328684519,32 Wellington Rd,3,h,1950000.0,15/07/2017,1.0,2.0,734.0,19.0,-37.91583,145.13363
ID385570354,50 Hotham Rd,3,h,1015000.0,22/08/2016,1.0,1.0,643.0,69.0,-37.736,144.8839
ID296915556,2 Herod Pl,3,h,640000.0,9/09/2017,2.0,2.0,607.0,64.0,-37.673790000000004,144.89826000000005
ID420046454,1/75 Lillimur Rd,2,u,475000.0,19/11/2016,1.0,1.0,0.0,8.0,-37.8986,145.042
ID822341553,76 Saltley St,3,h,790000.0,3/06/2017,2.0,2.0,334.0,16.0,-37.83137,144.86731
ID920152386,35 Lowe Av,4,h,935000.0,15/07/2017,2.0,2.0,629.0,34.0,-37.86027,144.82073
ID608585970,6/28 Manningtree Rd,3,u,1975000.0,18/06/2016,2.0,1.0,0.0,9.0,-37.8235,145.029
ID287253523,34 Cobden St,2,h,1275000.0,19/11/2016,1.0,0.0,381.0,3.0,-37.8033,145.036
ID254932669,18 Crimea St,5,h,5046000.0,10/12/2016,3.0,3.0,1294.0,135.0,-37.8589,144.9883
ID777699312,31 Rubens Gr,5,h,2900000.0,7/05/2016,2.0,2.0,795.0,109.0,-37.8181,145.0668
ID629344716,16 chesterfield Ct,4,h,951000.0,26/08/2017,2.0,2.0,704.0,38.0,-37.85639000000001,145.23536000000001
ID582944993,127 Princes St,3,h,820000.0,9/09/2017,1.0,0.0,185.0,119.0,-37.78449000000001,144.93482
ID569348936,2/47 Parker St,2,t,678000.0,15/10/2016,1.0,1.0,340.0,39.0,-37.7564,145.1195
ID953430712,6 Fitzgerald Rd,5,h,1607500.0,20/05/2017,3.0,1.0,695.0,119.0,-37.7577,144.9267
ID991205949,16 Tribe St,3,h,2000000.0,15/10/2016,2.0,1.0,161.0,129.0,-37.8383,144.9499
ID303507724,59 Hedderwick St,5,h,2800000.0,8/10/2016,4.0,6.0,877.0,14.0,-37.7491,144.9002
ID611347166,3/5 Evans St,3,u,880000.0,10/12/2016,2.0,1.0,122.0,19.0,-37.7697,144.9649
ID173653815,16A Madden St,3,h,798000.0,12/08/2017,2.0,2.0,159.0,9.0,-37.78974,144.88143
ID115611406,1 The Esplanade,5,h,1350000.0,28/05/2016,3.0,5.0,670.0,94.0,-37.7676,144.9009
ID912621282,182 Buckingham St,3,t,1255000.0,17/06/2017,2.0,1.0,124.0,11.0,-37.8147,145.00852
ID785448005,14 The Avenue,3,h,540000.0,9/09/2017,2.0,2.0,362.0,14.0,-37.6366,145.07226
ID635498880,10 Talbot St,4,h,2800000.0,27/06/2016,3.0,2.0,1093.0,69.0,-37.9345,145.0
ID917445256,4/76 Studley Park Rd,3,u,882000.0,4/06/2016,2.0,2.0,0.0,69.0,-37.8064,145.0182
ID954018478,15 Hall St,4,h,1350000.0,15/07/2017,2.0,1.0,372.0,99.0,-37.76166,144.95065
ID306024149,3 Temple St,3,h,1080000.0,23/09/2017,1.0,2.0,218.0,69.0,-37.76563,144.94111
ID632786478,45 Kerferd St,4,h,1000000.0,17/09/2016,2.0,1.0,381.0,81.0,-37.7337,144.9548
ID983210420,33 Green St,3,h,720000.0,8/04/2017,2.0,2.0,305.0,11.0,-37.7284,144.8874
ID416368578,41 Kensington Rd,3,h,902500.0,22/04/2017,1.0,1.0,0.0,16.0,-37.7954,144.9259
ID607467764,5 Taylor St,4,h,1860000.0,27/11/2016,2.0,3.0,696.0,19.0,-37.8711,145.0746
ID193391350,1 Maitland St,3,h,2825000.0,17/09/2016,2.0,4.0,885.0,109.0,-37.8577,145.0421
ID850279946,27 Hammond Dr,3,h,490000.0,8/07/2017,1.0,1.0,597.0,7.0,-37.641659999999995,145.02885
ID458409817,4 Sapphire St,4,h,1372000.0,1/07/2017,1.0,2.0,866.0,49.0,-37.838159999999995,145.17783
ID442683406,2/42 Sapphire St,3,u,815000.0,30/07/2016,2.0,2.0,203.0,69.0,-37.7465,144.8867
ID339871675,1/24 Daniel St,3,t,975000.0,8/04/2017,2.0,2.0,267.0,7.0,-37.8463,145.1071
ID698812154,45 Chesterville Dr,4,h,900000.0,26/07/2016,1.0,2.0,741.0,69.0,-37.9229,145.0673
ID726895928,17 Empress Rd,3,h,2180000.0,27/11/2016,1.0,2.0,441.0,109.0,-37.8204,145.0887
ID965013470,4/170 Church St,3,u,1296000.0,12/08/2017,1.0,2.0,0.0,57.0,-37.91733,144.99747
ID222773131,39 Blandford St,3,h,991000.0,19/11/2016,1.0,4.0,495.0,14.0,-37.7958,144.8774
ID924390202,5 Birdwood St,3,h,1120000.0,18/03/2017,1.0,2.0,744.0,54.0,-37.7285,144.9961
ID615301691,5 Democrat Dr,3,h,700000.0,23/09/2017,2.0,3.0,795.0,39.0,-37.85229,145.30281000000005
ID285994530,8 Susan Ct,4,h,1408000.0,23/09/2017,2.0,2.0,692.0,49.0,-37.86445,145.12538
ID316826740,75 Normanby Rd,4,h,1925000.0,12/08/2017,2.0,2.0,494.0,119.0,-37.87206,145.03512
ID951074185,2/7 Bradley Dr,2,h,428000.0,24/06/2017,1.0,1.0,389.0,14.0,-37.65623,145.07431
ID850045505,5/367 Lower Plenty Rd,3,u,440000.0,16/07/2016,1.0,1.0,416.0,44.0,-37.7321,145.0828
ID446668627,75 Graham St,2,h,1110000.0,6/08/2016,1.0,0.0,147.0,119.0,-37.8444,144.9484
ID616052570,271 Scoresby Rd,5,h,2020000.0,3/06/2017,3.0,0.0,2735.0,44.0,-37.86625,145.26317
ID453853590,27 Cameron Dr,3,h,535000.0,17/06/2017,1.0,2.0,603.0,49.0,-37.8688,144.68768
ID488996258,8/294 Nicholson St,1,u,215000.0,22/05/2016,1.0,1.0,0.0,99.0,-37.8087,144.8978
ID895209611,11/139 Napier St,2,u,410000.0,24/06/2017,1.0,1.0,0.0,54.0,-37.75122,144.91805
ID775425369,21/62 Wattletree Rd,2,u,821000.0,12/08/2017,2.0,1.0,3093.0,13.0,-37.86165,145.02148
ID588475424,9 Montgomery St,4,h,2820000.0,27/11/2016,4.0,4.0,509.0,59.0,-37.9172,145.0214
ID617374017,29 Moonee Bvd,3,h,570000.0,24/09/2016,2.0,2.0,585.0,44.0,-37.6977,144.9071
ID731352791,80 Gowrie St,3,h,780000.0,17/06/2017,1.0,2.0,697.0,59.0,-37.69795,144.94285
ID275171027,1/15 Chenies St,3,u,450000.0,22/05/2016,1.0,2.0,179.0,17.0,-37.7108,145.0289
ID728370494,4 Albany Pl,4,h,1303000.0,4/03/2017,2.0,2.0,670.0,39.0,-37.7695,145.0869
ID847606439,4 Daley St,3,h,1370000.0,16/07/2016,1.0,2.0,624.0,69.0,-37.9256,145.0374
ID678087293,7/80 Hopetoun Av,2,u,400000.0,29/07/2017,2.0,1.0,0.0,79.0,-37.75201,144.9336
ID377217922,28 Through Rd,3,h,750000.0,24/06/2017,1.0,1.0,446.0,64.0,-37.7987,145.23032
ID292166233,1411 Dandenong Rd,4,h,1290000.0,13/05/2017,2.0,2.0,395.0,109.0,-37.8914,145.0842
ID695331891,6 Audrey Cr,5,h,3000000.0,9/09/2017,3.0,2.0,775.0,84.0,-37.85855,145.07775
ID173224617,66 McNamara St,4,h,1148000.0,12/08/2017,1.0,2.0,552.0,79.0,-37.728790000000004,144.98538
ID427524591,279 Mansfield St,2,h,900000.0,22/08/2016,1.0,1.0,497.0,59.0,-37.7585,145.0226
ID901971046,2/11 French St,3,u,542000.0,1/07/2017,2.0,2.0,213.0,49.0,-37.677479999999996,145.01791
ID892578775,1/30 Boyd St,4,u,617000.0,29/07/2017,3.0,2.0,279.0,11.0,-37.96769000000001,145.21732
ID628605913,4/3 MacKenzie St,2,u,425000.0,1/07/2017,1.0,1.0,0.0,6.0,-37.97143,145.05219
ID890318510,503/99 Nott St,1,u,456000.0,19/11/2016,1.0,1.0,0.0,12.0,-37.8405,144.9385
ID791844681,6 Irene Pl,3,h,1530000.0,18/03/2017,1.0,0.0,231.0,49.0,-37.8498,145.0039
ID722953754,3/28 Avoca Av,2,u,930000.0,29/07/2017,1.0,1.0,837.0,89.0,-37.87307,144.98635
ID912488629,3 Seaton Rd,4,h,1430000.0,24/06/2017,2.0,1.0,590.0,19.0,-37.94549,145.03332
ID242008650,89A New St,3,t,730000.0,29/07/2017,2.0,2.0,340.0,19.0,-37.831720000000004,144.86683
ID706170762,2/872 Drummond St,2,t,765000.0,8/10/2016,1.0,1.0,1031.0,49.0,-37.784,144.9715
ID216617309,3 Lyall Dr,3,h,490000.0,3/06/2017,2.0,4.0,1022.0,14.0,-37.90811,144.64373
ID999518055,9 Arthur St,3,h,1355000.0,29/04/2017,1.0,1.0,814.0,54.0,-37.7909,145.1309
ID661690454,91 Princess St,4,h,2800000.0,23/04/2016,1.0,0.0,919.0,27.0,-37.8012,145.0297
ID875333620,86 Cramer St,3,h,1150000.0,27/11/2016,1.0,4.0,728.0,99.0,-37.7392,144.9937
ID142484632,14 Jenkins St,3,h,1400000.0,28/08/2016,1.0,2.0,582.0,87.0,-37.7651,145.0062
ID567174363,15 Genoa St,3,h,937000.0,10/09/2016,2.0,1.0,534.0,59.0,-37.9426,145.0568
ID827963429,4/20 William St,2,u,435000.0,19/11/2016,1.0,1.0,0.0,49.0,-37.7461,144.9079
ID654376445,30 Moorhouse St,4,h,2990000.0,20/05/2017,2.0,2.0,742.0,22.0,-37.8284,145.0673
ID371596448,25 Moodemere St,3,h,802000.0,27/05/2017,1.0,1.0,818.0,39.0,-37.97712,145.17516
ID848330253,176 Were St,5,h,1562500.0,10/09/2016,2.0,2.0,655.0,94.0,-37.9264,145.0044
ID895506971,13 Patterson St,2,h,790000.0,26/07/2016,1.0,1.0,266.0,94.0,-37.7423,145.0105
ID724519305,14 Beths St,4,h,2700000.0,17/06/2017,4.0,2.0,673.0,84.0,-37.91888,145.04775
ID244815435,2 Fairbank Pl,5,h,355000.0,3/06/2017,2.0,2.0,666.0,43.0,-37.67523,144.55833
ID597143584,70 Wetherby Rd,3,h,1410000.0,19/08/2017,1.0,2.0,723.0,24.0,-37.79309,145.14287
ID848143345,1/52 Leila Rd,3,u,1275000.0,3/06/2017,2.0,2.0,750.0,35.0,-37.90092,145.04924
ID788941919,1/68 Bridge St,1,u,312000.0,14/05/2016,1.0,1.0,0.0,59.0,-37.7783,144.9954
ID746274748,86 Dendy St,5,h,3105000.0,28/08/2016,2.0,2.0,1045.0,89.0,-37.9205,145.0012
ID958096154,15 Prior Rd,3,h,1335000.0,27/11/2016,2.0,2.0,606.0,54.0,-37.8831,145.0879
ID287671169,24 Sylvia St,3,h,1291000.0,8/07/2017,2.0,2.0,548.0,49.0,-37.84453,145.14446
ID927596527,13 McKay St,3,h,1150000.0,8/10/2016,1.0,0.0,176.0,119.0,-37.8116,145.0042
ID559394283,380 Ross St,3,t,1388000.0,17/06/2017,2.0,2.0,104.0,4.0,-37.83165,144.94411000000005
ID609087223,8/3 Miller St,2,t,750000.0,18/03/2017,2.0,2.0,0.0,17.0,-37.7761,144.9792
ID487272415,4/73 Flinders St,2,u,470000.0,3/12/2016,1.0,1.0,0.0,49.0,-37.7561,145.0067
ID725780040,3 Curtin Ct,4,h,931000.0,28/08/2016,2.0,3.0,532.0,49.0,-37.8637,144.8365
ID283886613,8/15 Herbert St,2,u,640000.0,3/12/2016,1.0,1.0,1055.0,49.0,-37.8715,144.9827
ID464856643,40 Tarneit Rd,3,h,597000.0,29/07/2017,1.0,1.0,672.0,6.0,-37.89402000000001,144.66276000000005
ID300637971,4/1 Howe St,2,t,745500.0,30/07/2016,1.0,1.0,186.0,39.0,-37.8947,145.0722
ID272170684,5 Charlton St,3,h,1800000.0,15/07/2017,2.0,2.0,747.0,34.0,-37.88256,145.12518
ID717712948,19 Gordon Gr,3,h,2000000.0,13/05/2017,1.0,2.0,360.0,9.0,-37.8636,145.0301
ID767590622,8 Cabernet Cr,5,h,940000.0,26/08/2017,3.0,2.0,593.0,94.0,-37.68878,145.05795
ID883204180,53 Mangalore St,4,h,1740000.0,22/05/2016,3.0,2.0,650.0,94.0,-37.7796,144.935
ID727941336,9 Dorset St,4,t,1170000.0,9/09/2017,3.0,2.0,725.0,83.0,-37.89868,145.14635
ID603423353,75 Canterbury Rd,3,h,1112000.0,17/06/2017,1.0,3.0,632.0,49.0,-37.831070000000004,145.14343
ID189162810,49 Northumberland Rd,3,h,710000.0,22/08/2016,1.0,1.0,610.0,79.0,-37.7719,144.8414
ID824685538,1a Werona St,2,t,670000.0,26/07/2016,2.0,1.0,123.0,12.0,-37.9307,145.0379
ID258417681,33/305 Canterbury Rd,2,h,680000.0,27/05/2017,1.0,1.0,189.0,18.0,-37.83283,145.17533
ID684203380,12 Tanglewood St,3,h,530000.0,1/07/2017,1.0,1.0,532.0,44.0,-37.731,144.77387
ID706196429,2/28 Walsh St,3,t,1715000.0,28/08/2016,2.0,2.0,0.0,49.0,-37.8374,144.9852
ID928110411,4/40 Durham Rd,3,u,780000.0,17/06/2017,1.0,1.0,149.0,59.0,-37.82971,145.09007
ID340876681,12 John St,4,h,1306000.0,30/07/2016,2.0,1.0,651.0,14.0,-37.919000000000004,145.0558
ID224979768,10 Barilla Rd,3,t,935000.0,15/07/2017,2.0,2.0,280.0,34.0,-37.941109999999995,145.0431
ID576160610,278 Nicholson St,2,h,701000.0,30/07/2016,1.0,0.0,164.0,109.0,-37.8078,144.8979
ID351420178,140 Essex St,2,h,912500.0,3/12/2016,1.0,1.0,444.0,79.0,-37.7933,144.876
ID480253155,302/366 Church St,2,u,712000.0,26/07/2016,1.0,1.0,0.0,7.0,-37.823,144.9982
ID441507701,4/6 Turner St,2,u,600000.0,24/09/2016,1.0,1.0,166.0,54.0,-37.7624,144.9365
ID664193849,344 Hampton St,4,h,1875000.0,11/02/2017,2.0,3.0,685.0,69.0,-37.9412,145.0021
ID231107397,3 Hodgkinson St,3,h,1360000.0,27/06/2016,1.0,0.0,118.0,139.0,-37.7921,144.9858
ID422943173,33 Newstead St,3,h,1320000.0,10/09/2016,2.0,2.0,645.0,119.0,-37.7662,144.8971
ID200382431,76 Wingate St,3,h,1205000.0,29/04/2017,3.0,2.0,604.0,59.0,-37.9362,145.0663
ID123242864,32 Kumala Rd,5,h,930000.0,3/06/2017,2.0,2.0,992.0,49.0,-37.84613,145.25606000000005
ID438759403,112 Crofton Dr,4,h,1330000.0,12/11/2016,3.0,2.0,217.0,16.0,-37.8634,144.8796
ID323578566,2/15 Percival St,3,u,715000.0,8/04/2017,1.0,1.0,210.0,23.0,-37.7317,145.0083
ID202987444,126 The Parade,2,h,1010000.0,19/11/2016,1.0,1.0,325.0,49.0,-37.7722,144.9117
ID423389630,76 Pridham St,2,h,1182500.0,7/05/2016,1.0,0.0,141.0,119.0,-37.852,145.0061
ID112525602,67 Glendale Rd,6,h,917000.0,12/08/2017,2.0,2.0,869.0,59.0,-37.93594,145.14674
ID434579918,102 Willis St,3,h,1450000.0,16/09/2017,1.0,1.0,464.0,71.0,-37.937529999999995,145.0102
ID613082626,872 Centre Rd,3,h,1185000.0,3/06/2017,2.0,2.0,644.0,7.0,-37.923320000000004,145.07483
ID799457944,355 Napier St,4,h,1300000.0,12/11/2016,3.0,2.0,0.0,49.0,-37.7337,144.9184
ID820954068,15 Albion St,4,h,900000.0,4/03/2017,2.0,1.0,288.0,39.0,-37.7562,144.9286
ID681950068,29 Southernhay St,3,h,1010000.0,6/05/2017,1.0,2.0,649.0,8.0,-37.7258,145.0113
ID352403469,3 Artemis Ct,4,h,1280000.0,19/08/2017,2.0,2.0,887.0,49.0,-37.77493,145.12547
ID347630439,2/26 Mercer Rd,2,u,820000.0,3/09/2017,1.0,1.0,1501.0,119.0,-37.8528,145.02684
ID969285878,71 Bignell Rd,4,h,1200000.0,7/05/2016,2.0,2.0,619.0,59.0,-37.9358,145.0688
ID205669522,213/253 Bridge Rd,1,u,370000.0,8/04/2017,1.0,1.0,3512.0,8.0,-37.8183,144.9979
ID777562130,51 Dent St,4,h,2020000.0,10/09/2016,2.0,2.0,630.0,10.0,-37.8667,145.0752
ID546921350,15 Tirana St,3,h,1237000.0,9/09/2017,2.0,2.0,534.0,49.0,-37.81059000000001,145.18975
ID225641305,31 Carrington Rd,2,h,1190000.0,19/11/2016,1.0,2.0,650.0,11.0,-37.7378,144.8893
ID487826957,15 Rathmines Rd,3,h,2151000.0,3/12/2016,1.0,2.0,780.0,19.0,-37.8198,145.0465
ID244719271,83 Buckingham St,2,h,1035000.0,18/03/2017,1.0,0.0,100.0,119.0,-37.8139,145.0042
ID636099396,4/10 Blair St,4,t,1105000.0,13/05/2017,2.0,1.0,207.0,12.0,-37.9156,145.0355
ID567095782,8 Brown St,4,h,1210000.0,16/09/2017,1.0,0.0,325.0,36.0,-37.84373,144.88603999999995
ID411398457,308/163 Cremorne St,2,u,565000.0,24/09/2016,1.0,1.0,0.0,12.0,-37.8301,144.9904
ID411434383,30 Newhaven Rd,3,h,968000.0,17/06/2017,1.0,1.0,612.0,7.0,-37.85586,145.15827
ID318244889,11 Houston Ct,3,h,892000.0,28/08/2016,1.0,2.0,715.0,5.0,-37.8239,144.8431
ID601339119,5 Robin Ct,4,h,1782000.0,25/02/2017,3.0,3.0,586.0,17.0,-37.7739,145.1287
ID482100143,14 Beenak St,3,h,572000.0,23/04/2016,1.0,2.0,41400.0,89.0,-37.7104,145.0257
ID427107786,2 Hardwood Ct,5,h,1150000.0,23/09/2017,2.0,2.0,588.0,49.0,-37.81153,145.1855
ID720411446,45A Helston St,4,h,1460000.0,12/08/2017,2.0,2.0,433.0,64.0,-37.78368,145.09545
ID819556834,3/61 Martin St,3,u,880000.0,22/05/2016,1.0,1.0,138.0,54.0,-37.896,144.9957
ID741708683,11 Grange Rd,3,h,975500.0,26/08/2017,1.0,1.0,697.0,109.0,-37.73254,144.88321000000005
ID578887412,50 Canterbury St,2,h,827500.0,28/05/2016,1.0,0.0,127.0,119.0,-37.8251,145.0063
ID368987230,34 Lincoln Rd,3,h,1400000.0,13/05/2017,1.0,1.0,578.0,54.0,-37.7526,144.9089
ID153154958,3/204 The Boulevard,1,u,405000.0,28/08/2016,1.0,1.0,0.0,59.0,-37.7767,145.0543
ID845237330,23 Dean St,4,h,1260000.0,14/05/2016,3.0,2.0,654.0,69.0,-37.7365,145.0173
ID576098347,10 Heysen Gr,4,h,1225000.0,29/07/2017,2.0,2.0,511.0,31.0,-37.77746,145.17161000000004
ID856761257,9a Elizabeth St,3,h,1355000.0,15/10/2016,1.0,2.0,759.0,89.0,-37.9057,145.0166
ID243365902,103/25 Byron St,1,u,450000.0,16/07/2016,1.0,1.0,0.0,7.0,-37.802,144.9516
ID253422075,4/143 Sussex St,3,u,533000.0,22/08/2016,2.0,2.0,197.0,12.0,-37.7266,144.9496
ID513465196,36 Ormond Bvd,4,h,758000.0,9/09/2017,3.0,2.0,331.0,9.0,-37.67998,145.07345
ID279807924,33 Edwardes St,3,h,810000.0,25/02/2017,2.0,3.0,486.0,5.0,-37.7164,145.0048
ID747354965,2/60 Rathmines Rd,3,h,975000.0,30/07/2016,1.0,1.0,211.0,29.0,-37.8204,145.0489
ID336266480,6 Cassowary Av,3,h,505000.0,15/07/2017,2.0,4.0,557.0,32.0,-37.87975,144.66459
ID240526164,2/131 Brighton Rd,2,u,507000.0,3/12/2016,1.0,1.0,0.0,49.0,-37.8752,144.9911
ID523794102,3 Mellor St,3,h,841000.0,22/04/2017,1.0,2.0,557.0,59.0,-37.7811,144.8373
ID167117400,48 Vickery St,4,h,1650000.0,26/07/2016,2.0,2.0,570.0,89.0,-37.9139,145.0395
ID422488685,3 Pembury St,3,h,485000.0,19/08/2017,2.0,1.0,321.0,6.0,-37.56937,144.90524
ID454653699,226 Dalton Rd,3,h,635000.0,1/07/2017,1.0,4.0,536.0,11.0,-37.67125,145.03171
ID782113610,36 Rossmoyne St,2,h,1164000.0,19/11/2016,2.0,0.0,206.0,54.0,-37.7576,145.0032
ID597261887,25/52 Fitzroy St,1,u,392000.0,12/11/2016,1.0,1.0,0.0,17.0,-37.8599,144.9766
ID153173587,4 Goodwin St,4,h,1660000.0,26/08/2017,2.0,2.0,697.0,69.0,-37.81245,145.16416999999996
ID513549966,3/24 Davison St,2,u,479000.0,4/03/2017,1.0,1.0,534.0,49.0,-37.8123,145.0081
ID162430729,1/15 Estelle St,3,u,787000.0,11/02/2017,1.0,2.0,306.0,34.0,-37.7792,145.0903
ID877175684,401/40 Altona St,2,u,445000.0,29/07/2017,1.0,1.0,1775.0,49.0,-37.79818,144.92685
ID193615120,20 Bryant St,5,h,1550000.0,13/05/2017,1.0,1.0,432.0,104.0,-37.7859,144.9323
ID383655147,2/48 Inkerman St,2,t,600000.0,15/10/2016,1.0,2.0,127.0,109.0,-37.7859,144.8787
ID536173437,39 Winifred St,4,h,1350000.0,23/09/2017,2.0,2.0,264.0,23.0,-37.76898,144.9858
ID655258912,6/4 Belvedere Cl,3,h,780000.0,22/05/2016,3.0,2.0,173.0,19.0,-37.773,144.8947
ID770101876,1/260 St Kilda Rd,2,u,640000.0,18/03/2017,1.0,1.0,0.0,111.0,-37.8635,144.9857
ID607467764,5 Taylor St,4,h,1860000.0,27/11/2016,2.0,3.0,696.0,19.0,-37.8711,145.0746
ID293483927,192 Wood St,4,h,870000.0,27/11/2016,1.0,2.0,400.0,129.0,-37.7346,145.0164
ID947631697,3/521 St Kilda St,2,u,715000.0,29/07/2017,1.0,1.0,795.0,14.0,-37.88351,144.99202
ID459716243,129 Liberty Pde,3,h,625000.0,28/05/2016,1.0,2.0,609.0,69.0,-37.7504,145.0335
ID340844757,7 Cassell St,2,h,1710000.0,20/05/2017,2.0,0.0,208.0,139.0,-37.8433,145.0024
ID245571444,868 Hampton St,3,h,1502000.0,22/04/2017,1.0,1.0,431.0,52.0,-37.9107,145.0077
ID807648908,32 Diamond St,3,h,1235000.0,4/03/2017,2.0,1.0,0.0,10.0,-37.7473,144.8897
ID883178754,69 Melbourne Av,3,h,680000.0,29/07/2017,1.0,1.0,422.0,59.0,-37.70425,144.93164
ID523866211,1/37 Myrtle St,3,t,1010000.0,10/12/2016,2.0,2.0,314.0,16.0,-37.7554,145.0516
ID556170539,2/64 Dinah Pde,3,t,480000.0,3/12/2016,2.0,1.0,184.0,7.0,-37.7424,144.8639
ID309399764,267 Yallambie Rd,3,h,753000.0,11/02/2017,2.0,1.0,536.0,44.0,-37.7233,145.1045
ID506087301,27 Holloway Cl,3,h,455000.0,17/06/2017,1.0,6.0,639.0,29.0,-37.562909999999995,144.72848
ID454128531,8/161 Alexandra Av,2,u,735000.0,22/07/2017,1.0,1.0,0.0,84.0,-37.832409999999996,145.00705
ID816674975,14 Killeen St,3,h,470000.0,27/06/2016,1.0,1.0,591.0,48.0,-37.7987,144.8196
ID774207880,15 Clarence St,3,h,885000.0,13/08/2016,1.0,0.0,162.0,89.0,-37.7869,144.9253
ID278430146,21 Marden St,3,h,1640000.0,15/10/2016,3.0,2.0,352.0,22.0,-37.827,145.0737
ID652291462,168 Scotchmer St,3,h,1581000.0,28/05/2016,1.0,0.0,193.0,109.0,-37.7836,144.985
ID976508941,35/24 Craig St,3,h,650000.0,27/11/2016,2.0,2.0,176.0,39.0,-37.7432,144.8816
ID972726893,6/37 Stephen St,3,h,940000.0,28/08/2016,2.0,2.0,171.0,12.0,-37.8124,144.8957
ID868508529,6/833 High St,3,u,301000.0,10/09/2016,1.0,1.0,0.0,49.0,-37.7272,145.0057
ID771556986,48 Smith St,3,h,1222000.0,8/04/2017,1.0,1.0,380.0,11.0,-37.7677,144.946
ID139473116,7/7 Simpson St,2,u,430000.0,15/10/2016,1.0,1.0,0.0,49.0,-37.7813,145.0062
ID588989987,1 Sutherland St,4,h,1145000.0,12/11/2016,2.0,2.0,480.0,99.0,-37.7402,144.9607
ID622915143,29 Highland Av,4,h,1185000.0,26/08/2017,3.0,2.0,649.0,119.0,-37.81175,145.20501000000004
ID714749318,26 Thomas St,3,h,1346000.0,10/12/2016,1.0,0.0,187.0,104.0,-37.8169,144.996
ID594317333,221 Mascoma St,3,h,900000.0,13/05/2017,1.0,2.0,531.0,54.0,-37.7192,144.9045
ID205350435,9 Marchant Av,4,h,1190000.0,23/09/2017,2.0,3.0,650.0,21.0,-37.715559999999996,145.01129
ID226065870,8/11 Nicholson St,2,u,392500.0,6/05/2017,1.0,1.0,1783.0,59.0,-37.7949,144.9007
ID955833507,30 Studley Rd,4,h,1755000.0,19/11/2016,2.0,2.0,0.0,49.0,-37.9292,145.0252
ID547278540,1/514 Bluff Rd,3,t,820000.0,27/11/2016,2.0,2.0,0.0,69.0,-37.9368,145.0242
ID432057330,13 Bowen St,2,h,1400000.0,3/09/2017,1.0,0.0,212.0,119.0,-37.85491,145.00373000000005
ID666950872,407/72 Altona St,2,u,515000.0,11/02/2017,1.0,1.0,3957.0,9.0,-37.7974,144.9261
ID582454865,107 McFadzean Av,3,h,725000.0,15/07/2017,1.0,2.0,579.0,6.0,-37.70158,144.99655
ID834468419,67 Belsize Av,3,h,1510000.0,16/09/2017,2.0,2.0,560.0,93.0,-37.893,145.05861000000004
ID359731175,196 Blyth St,5,h,1480000.0,13/05/2017,3.0,4.0,725.0,39.0,-37.8712,144.8107
ID485017872,13 Annadale St,3,h,1635000.0,3/09/2016,1.0,2.0,396.0,29.0,-37.8102,145.0451
ID130902048,17 Convent Ct,2,h,935000.0,12/11/2016,1.0,2.0,833.0,59.0,-37.7297,144.9654
ID415402563,18 Davis St,4,h,1055000.0,3/09/2017,1.0,1.0,560.0,29.0,-37.74192,144.95096999999996
ID869052650,15 Miles St,3,h,1100000.0,4/06/2016,2.0,2.0,0.0,94.0,-37.922,145.0302
ID655265710,16 Market St,3,h,850000.0,22/07/2017,1.0,2.0,269.0,109.0,-37.79638,144.87911
ID215606767,106/360 Lygon St,2,u,480000.0,28/05/2016,2.0,1.0,0.0,79.0,-37.7679,144.9725
ID149318510,4/5 Rose St,2,u,425000.0,10/09/2016,1.0,2.0,115.0,39.0,-37.871,144.8185
ID460912165,1/17 Albion St,2,h,981000.0,25/02/2017,1.0,0.0,159.0,89.0,-37.874,144.9933
ID663163829,93 Church Rd,4,h,1200000.0,19/08/2017,2.0,1.0,650.0,24.0,-37.78911,145.13724
ID644752488,14 Illawarra St,2,h,940000.0,10/12/2016,1.0,0.0,166.0,33.0,-37.8695,144.9009
ID912709315,10 Canning St,4,h,2920000.0,3/09/2016,3.0,4.0,310.0,139.0,-37.7958,144.944
ID915873576,5 Dakara Ct,3,h,480000.0,1/07/2017,1.0,2.0,743.0,29.0,-37.89757,144.63041
ID709883657,11 Athelstane Gr,4,h,2380000.0,24/06/2017,2.0,2.0,778.0,17.0,-37.76356,145.04135
ID279247921,4/229 Whitehorse Rd,2,u,830000.0,27/05/2017,2.0,1.0,0.0,12.0,-37.81192,145.07506
ID394113018,2 Country La,3,h,1009000.0,16/09/2017,2.0,2.0,663.0,39.0,-37.7417,145.0958
ID222942157,6 Smith St,4,h,2000000.0,3/09/2016,2.0,4.0,853.0,89.0,-37.7707,145.0318
ID118369919,3/9 Mountain View Pde,4,h,915000.0,14/05/2016,3.0,2.0,0.0,11.0,-37.7449,145.0596
ID829388797,13 Altona St,4,h,856000.0,22/08/2016,1.0,2.0,722.0,44.0,-37.7477,145.0565
ID636099052,2/52 Walter St,3,u,500000.0,17/06/2017,1.0,1.0,388.0,27.0,-37.731629999999996,144.80697
ID615797516,77A Fulham Rd,3,h,1170000.0,9/09/2017,1.0,1.0,268.0,25.0,-37.7753,145.0267
ID690670855,31 Bell St,4,h,1950000.0,18/06/2016,1.0,0.0,177.0,129.0,-37.7999,144.9759
ID445924849,17/29 Bendall St,3,u,570000.0,11/03/2017,1.0,2.0,0.0,29.0,-37.7897,144.9239
ID742305297,2/252 Parer Rd,2,t,450000.0,7/05/2016,1.0,1.0,110.0,4.0,-37.7216,144.871
ID842424222,11 Evelyn Ct,4,h,970000.0,19/08/2017,2.0,2.0,364.0,24.0,-37.96853,145.12948
ID810434651,11 Buckingham Av,3,h,1640000.0,22/07/2017,1.0,3.0,585.0,59.0,-37.91722,145.04836
ID650635083,18A Fanny St,5,t,980000.0,18/03/2017,2.0,2.0,207.0,15.0,-37.7615,144.9333
ID431694458,11 Heller St,5,h,2545000.0,27/05/2017,3.0,4.0,957.0,24.0,-37.775009999999995,144.95117
ID587060513,8 Peppermint St,3,h,531000.0,16/09/2017,1.0,5.0,586.0,60.0,-37.991609999999994,145.23278
ID287665101,2 Dransfield Wy,3,h,552500.0,23/09/2017,1.0,1.0,521.0,29.0,-37.63854,145.05178999999995
ID549807242,476 Brunswick St,2,h,1200000.0,6/05/2017,1.0,0.0,204.0,8.0,-37.7925,144.9797
ID370167806,30 Strang St,4,h,555000.0,3/09/2017,1.0,2.0,570.0,34.0,-37.87552,144.69648
ID884779682,11/6 Sydney Rd,1,u,370000.0,28/05/2016,1.0,1.0,0.0,54.0,-37.7775,144.9607
ID681954335,21 Eden St,2,h,650000.0,12/08/2017,1.0,0.0,683.0,21.0,-37.75022,145.04778000000005
ID306186434,58 Auburn Gr,4,h,3100000.0,10/09/2016,2.0,2.0,640.0,112.0,-37.826,145.0498
ID921293351,25 Coppin La,4,h,870000.0,12/08/2017,2.0,2.0,463.0,7.0,-37.73531,144.74335
ID346973952,20 Ramptons Rd,5,h,850000.0,29/07/2017,2.0,1.0,813.0,39.0,-37.7068,145.13232
ID179736625,3 Olyve Ct,4,h,1850000.0,16/04/2016,2.0,2.0,612.0,49.0,-37.8345,145.1009
ID617596977,121 Bent St,2,h,888000.0,16/04/2016,1.0,1.0,190.0,34.0,-37.7667,144.9909
ID301362083,19 Ward St,3,h,2299500.0,12/08/2017,2.0,3.0,634.0,79.0,-37.865159999999996,145.07958
ID648974318,1 Sneddon Ct,4,h,1100000.0,16/09/2017,2.0,2.0,748.0,23.0,-37.9265,145.19758000000004
ID555335772,12/9 Milton St,2,u,442000.0,18/06/2016,1.0,1.0,0.0,44.0,-37.7733,144.9219
ID692194786,2/8 Zurzolo Tce,2,h,417500.0,8/07/2017,1.0,1.0,157.0,19.0,-37.648270000000004,145.05317
ID267695497,34 Martins La,3,h,870000.0,27/05/2017,2.0,2.0,291.0,19.0,-37.73253,145.0873
ID464589439,1/455 Albion St,1,u,265000.0,7/05/2016,1.0,1.0,0.0,19.0,-37.7586,144.9452
ID139209506,9 Davison St,3,h,1071000.0,12/08/2017,1.0,2.0,684.0,7.0,-37.827709999999996,145.20763
ID581565258,2/7 Mattea Ct,2,u,360000.0,13/08/2016,1.0,1.0,139.0,7.0,-37.7327,145.0347
ID515742401,3/49 Osborne St,1,u,330000.0,14/05/2016,1.0,1.0,0.0,49.0,-37.8437,144.9904
ID531376929,19 Kurrajong St,3,h,1040000.0,6/08/2016,2.0,2.0,598.0,49.0,-37.9132,145.0782
ID441305451,73 Major Rd,3,h,526000.0,7/11/2016,1.0,1.0,404.0,59.0,-37.7075,144.9678
ID329197918,8 Survey St,4,h,1591000.0,17/09/2016,2.0,1.0,263.0,119.0,-37.8261,145.0127
ID259797789,344 Gaffney St,3,h,810000.0,11/02/2017,1.0,1.0,470.0,69.0,-37.7315,144.9399
ID533817805,165 Morris St,3,h,591500.0,30/07/2016,1.0,2.0,427.0,79.0,-37.7925,144.8282
ID524206339,3/14 Edgar St,3,u,570000.0,12/08/2017,1.0,1.0,118.0,49.0,-37.80857,144.87682
ID156735195,40 Fawkner St,3,h,2400000.0,28/05/2016,2.0,1.0,350.0,125.0,-37.8422,144.9884
ID485388220,80 Bunting St,2,h,951000.0,16/07/2016,1.0,0.0,108.0,114.0,-37.8259,145.0089
ID981744704,125 Linacre Rd,4,h,2500000.0,20/05/2017,3.0,2.0,684.0,11.0,-37.9436,145.0169
ID211457065,23 Alden Ct,4,h,1120000.0,17/06/2017,2.0,2.0,806.0,19.0,-37.97245,145.07566
ID711968625,232 Williams Rd,3,h,1635000.0,3/12/2016,1.0,2.0,386.0,19.0,-37.8435,145.0043
ID370228398,1/18 Magnolia Rd,2,u,595000.0,19/11/2016,1.0,1.0,0.0,59.0,-37.8994,145.0101
ID127946587,252 Yallambie Rd,3,h,720000.0,24/09/2016,2.0,4.0,535.0,59.0,-37.7225,145.1037
ID751253165,3/18 Hanover St,3,h,1252000.0,3/09/2016,2.0,2.0,0.0,15.0,-37.8029,144.975
ID982448537,27 Miller St,3,h,1320000.0,3/06/2017,2.0,1.0,276.0,109.0,-37.751259999999995,144.89558
ID239887227,24 Gadd St,5,h,1351000.0,13/05/2017,3.0,2.0,707.0,64.0,-37.9098,145.097
ID400681470,12 Athol St,6,h,2150000.0,4/03/2017,3.0,2.0,912.0,99.0,-37.77,144.9189
ID956630549,75 Scott St,5,h,1900000.0,15/10/2016,3.0,2.0,646.0,94.0,-37.7625,144.9074
ID649484505,71 Summit Dr,4,h,1000000.0,16/04/2016,2.0,3.0,672.0,49.0,-37.7689,145.0895
ID990951703,18/76 Mathoura Rd,1,u,552000.0,8/04/2017,1.0,1.0,0.0,16.0,-37.8428,145.0081
ID445313512,54b Napier St,2,u,612000.0,14/05/2016,1.0,1.0,0.0,109.0,-37.8346,144.9673
ID339979432,107 Wright St,3,h,607000.0,25/02/2017,1.0,2.0,563.0,54.0,-37.7956,144.826
ID153173587,4 Goodwin St,4,h,1660000.0,26/08/2017,2.0,2.0,697.0,69.0,-37.81245,145.16416999999996
ID274185365,409/216 Rouse St,2,u,665000.0,3/06/2017,2.0,1.0,1472.0,9.0,-37.840959999999995,144.93791000000004
ID541479006,27 Snapshot Dr,5,h,1172000.0,19/11/2016,3.0,2.0,425.0,5.0,-37.7302,144.9816
ID994273651,25 Llaneast St,4,h,2200000.0,15/10/2016,1.0,2.0,495.0,119.0,-37.8613,145.0264
ID725198539,2/12 Randwick Dr,3,h,635000.0,8/07/2017,2.0,2.0,174.0,17.0,-37.72012,144.86149
ID816720967,24 Windsor St,2,h,910000.0,22/04/2017,1.0,3.0,602.0,8.0,-37.724000000000004,144.9447
ID800982336,31 Elizabeth St,2,h,820000.0,10/12/2016,1.0,1.0,597.0,59.0,-37.7402,144.9807
ID350306865,11 Somers St,4,h,1450000.0,12/11/2016,1.0,1.0,567.0,14.0,-37.9149,145.0252
ID516717710,35 Astley St,3,h,900000.0,27/05/2017,1.0,1.0,575.0,39.0,-37.720890000000004,145.11987
ID305361366,2/99 Spray St,2,u,570000.0,26/07/2016,1.0,1.0,0.0,79.0,-37.8831,144.9855
ID813728446,41 Mountfield St,3,h,1450000.0,20/05/2017,1.0,2.0,304.0,7.0,-37.762,144.9678
ID194376910,162 Bedford Rd,3,h,655000.0,17/06/2017,1.0,1.0,348.0,35.0,-37.82327,145.24982
ID254226375,1/14 The Avenue,3,u,825000.0,3/12/2016,1.0,1.0,0.0,7.0,-37.8565,144.998
ID545824202,152A Cochrane St,4,h,1830000.0,3/12/2016,2.0,2.0,436.0,99.0,-37.8927,145.0005
ID201302707,2/16 Argyle St,2,u,535000.0,29/04/2017,1.0,1.0,1026.0,49.0,-37.911,145.0711
ID203222060,24b Munro St,3,h,1302500.0,6/08/2016,2.0,2.0,0.0,26.0,-37.9166,144.9942
ID224652538,22 Koonalda Rd,3,h,650000.0,3/09/2017,1.0,3.0,529.0,39.0,-37.69485,144.89092
ID667610952,23 Lennox St,3,h,1430000.0,25/02/2017,3.0,2.0,386.0,79.0,-37.816,144.8936
ID476117793,1 Marriage Rd,4,h,1815000.0,22/05/2016,2.0,2.0,732.0,22.0,-37.9184,145.007
ID189093023,2/7 Hazel Gr,3,u,515000.0,16/04/2016,1.0,2.0,0.0,99.0,-37.7305,144.9397
ID533366793,1 Melva St,4,h,1515000.0,6/05/2017,3.0,2.0,635.0,69.0,-37.9107,145.0745
ID264914221,27 Morgan St,5,h,1900000.0,19/11/2016,3.0,1.0,564.0,89.0,-37.8957,145.0487
ID446668627,75 Graham St,2,h,1110000.0,6/08/2016,1.0,0.0,147.0,119.0,-37.8444,144.9484
ID545370175,24 Martins La,3,h,820000.0,6/08/2016,2.0,2.0,555.0,59.0,-37.7324,145.0862
ID228726427,17 Wishart St,3,h,952000.0,12/11/2016,2.0,2.0,246.0,59.0,-37.9356,145.0268
ID611568823,1/53 Buckley St,2,u,435000.0,26/08/2017,1.0,1.0,1475.0,49.0,-37.75799,144.92354
ID685394576,18 Belgrave St,3,h,1750000.0,24/06/2017,2.0,0.0,234.0,19.0,-37.82839,145.04086
ID370861884,28 Oakwood Rd,3,h,526500.0,24/06/2017,1.0,2.0,529.0,54.0,-37.7438,144.77059
ID711968625,232 Williams Rd,3,h,1635000.0,3/12/2016,1.0,2.0,386.0,19.0,-37.8435,145.0043
ID901135491,2/3 Rotherwood Rd,2,u,535000.0,3/06/2017,1.0,1.0,0.0,89.0,-37.77127,145.0499
ID945876010,21 Winchester St,2,h,831000.0,28/05/2016,1.0,1.0,0.0,6.0,-37.7685,144.9186
ID488807371,39 Barter Cr,4,h,1078000.0,26/08/2017,1.0,1.0,611.0,59.0,-37.83945,145.16683999999995
ID789268348,70 Forrest St,3,h,600000.0,22/05/2016,1.0,1.0,697.0,91.0,-37.7842,144.8175
ID383804989,6/229 Brighton Rd,2,u,696750.0,3/06/2017,1.0,1.0,0.0,89.0,-37.88094,144.99471
ID341712612,6 Hardwick St,3,h,967000.0,25/02/2017,1.0,1.0,169.0,34.0,-37.7494,144.9681
ID572385606,17 The Grange,4,h,2250000.0,4/03/2017,1.0,2.0,720.0,49.0,-37.8753,145.0532
ID941661430,5 Binalong Ct,3,h,720000.0,25/02/2017,2.0,2.0,555.0,41.0,-37.7214,145.1034
ID845470002,63 Liddiard St,4,h,2900000.0,1/07/2017,1.0,3.0,636.0,129.0,-37.819309999999994,145.04107
ID380301543,68 Chapman St,4,h,895000.0,27/11/2016,2.0,3.0,430.0,74.0,-37.7939,144.8283
ID471807380,1/51 The Grove,2,h,605000.0,27/06/2016,1.0,1.0,0.0,50.0,-37.7519,144.9721
ID945263647,49 Kent Rd,2,h,860000.0,24/06/2017,1.0,4.0,609.0,12.0,-37.720909999999996,144.94601
ID356403851,9 James St,3,h,750000.0,15/07/2017,1.0,1.0,724.0,69.0,-37.71097,144.97324
ID431351197,60 Northumberland Cct,3,h,500000.0,22/07/2017,2.0,2.0,448.0,11.0,-37.58242,144.93001
ID549807242,476 Brunswick St,2,h,1200000.0,6/05/2017,1.0,0.0,204.0,8.0,-37.7925,144.9797
ID170645148,2/10 Millicent Av,3,u,687500.0,12/08/2017,2.0,2.0,216.0,7.0,-38.07509,145.12965
ID241891323,126 Barrow St,2,h,900000.0,1/07/2017,1.0,1.0,350.0,99.0,-37.74483,144.97269
ID672479810,25 Westmore Dr,5,h,932000.0,9/09/2017,2.0,2.0,543.0,39.0,-37.83145,145.22826
ID550887498,12 Milton St,3,h,1040000.0,8/07/2017,1.0,1.0,728.0,11.0,-37.82759,145.16751000000005
ID823757136,27 Halpin St,3,h,1445000.0,24/06/2017,1.0,2.0,613.0,69.0,-37.76883,144.94592
ID451507026,9A Methven St,3,t,880000.0,16/09/2017,1.0,1.0,771.0,15.0,-37.747009999999996,144.96368999999999
ID478830112,18 Glenmore St,4,h,1560000.0,10/09/2016,2.0,3.0,729.0,114.0,-37.8233,145.1267
ID283865361,24 Talbot St,3,h,631500.0,18/06/2016,1.0,3.0,593.0,54.0,-37.7133,144.947
ID322377855,17/24 Dongola Rd,3,t,815000.0,8/04/2017,1.0,2.0,203.0,69.0,-37.7928,144.8811
ID904859740,5 Fuller St,3,h,1127000.0,6/08/2016,1.0,2.0,631.0,6.0,-37.7778,145.0901
ID899227130,6/16 Cromwell Rd,2,u,470000.0,27/11/2016,1.0,1.0,0.0,49.0,-37.845,145.0001
ID814816092,7/87 Gamon St,3,h,770000.0,3/12/2016,1.0,2.0,323.0,59.0,-37.8108,144.8899
ID702485128,95 Marion St,3,h,1070000.0,3/09/2017,1.0,3.0,693.0,69.0,-37.83511,144.84905
ID803740695,2/79 Mimosa Rd,2,t,855000.0,16/04/2016,1.0,1.0,158.0,25.0,-37.8886,145.05200000000005
ID660628170,527 Nicholson St,3,h,1330000.0,3/09/2016,1.0,1.0,314.0,119.0,-37.7871,144.9766
ID827458903,12/14 Eldridge St,2,u,315000.0,25/02/2017,1.0,1.0,882.0,49.0,-37.7899,144.893
ID765120861,70 Derinya Dr,4,h,1350000.0,23/09/2017,2.0,2.0,2716.0,59.0,-38.17488,145.1234
ID378178188,34 Hooker Rd,3,h,471500.0,22/07/2017,1.0,2.0,530.0,7.0,-37.89415,144.64143
ID553894437,312/1005 Mt Alexander Rd,1,u,330000.0,20/05/2017,1.0,1.0,0.0,5.0,-37.7478,144.912
ID302666407,7/37 Groom St,2,u,885500.0,18/06/2016,2.0,2.0,0.0,14.0,-37.7937,144.9983
ID810979628,3/7 Lilian St,3,t,1235000.0,27/05/2017,3.0,2.0,338.0,119.0,-37.827040000000004,145.16801
ID820138242,2/50 Palmer St,1,u,534000.0,17/06/2017,1.0,1.0,1347.0,16.0,-37.81893,145.00631
ID787077017,21 The Boulevard,2,h,1910000.0,18/03/2017,1.0,2.0,760.0,19.0,-37.7784,145.0394
ID523786649,55 Tranmere Av,3,h,1840000.0,15/07/2017,2.0,1.0,483.0,99.0,-37.89204,145.06086000000005
ID474624566,102a Jukes Rd,3,t,538000.0,22/05/2016,2.0,2.0,217.0,59.0,-37.7018,144.9679
ID531376929,19 Kurrajong St,3,h,1040000.0,6/08/2016,2.0,2.0,598.0,49.0,-37.9132,145.0782
ID408037716,54 Croydon Rd,4,h,2003000.0,15/10/2016,2.0,1.0,383.0,139.0,-37.8234,145.0923
ID822152876,22/382 Toorak Rd,2,u,601000.0,10/12/2016,1.0,1.0,0.0,49.0,-37.8406,145.0033
ID161138806,68 Littlewood St,4,h,2905000.0,27/05/2017,2.0,2.0,630.0,6.0,-37.93571,145.00964
ID569843817,4 Graeme Ct,4,h,1244000.0,23/04/2016,2.0,2.0,530.0,44.0,-37.7735,145.088
ID485042642,22 Park Sq,3,h,1630000.0,4/03/2017,2.0,2.0,135.0,22.0,-37.8395,144.9343
ID353216238,9 Bawden Ct,4,h,770000.0,13/05/2017,1.0,2.0,596.0,59.0,-37.7195,144.9456
ID749227412,127 Stanhope St,4,h,1060000.0,16/09/2017,3.0,2.0,512.0,99.0,-37.79487,144.86353
ID971985373,38 Belmore Rd,4,h,1475000.0,1/07/2017,3.0,5.0,380.0,59.0,-37.801559999999995,145.06715
ID489979110,17 Staniland Gr,4,h,2600000.0,13/08/2016,2.0,2.0,527.0,139.0,-37.883,145.0043
ID492739154,38 Templeton St,4,h,920000.0,23/09/2017,2.0,2.0,601.0,39.0,-37.86231,145.22633000000005
ID376456671,32 Millers Rd,3,t,663000.0,27/05/2017,2.0,2.0,244.0,9.0,-37.82017000000001,144.84904
ID493191163,17 Wicklow St,3,h,881000.0,15/07/2017,1.0,1.0,480.0,12.0,-37.71893,144.94246
ID169141890,5 Hamilton St,3,h,991000.0,11/02/2017,1.0,1.0,716.0,69.0,-37.7368,144.8856
ID392780899,43 Robert St,1,h,1310000.0,27/05/2017,1.0,1.0,604.0,20.0,-37.759809999999995,145.08598999999995
ID339643855,2/111 Marlborough St,3,u,800000.0,18/06/2016,2.0,2.0,252.0,25.0,-37.9085,145.0683
ID962551048,48/352 Canterbury Rd,2,u,430000.0,28/05/2016,1.0,1.0,0.0,11.0,-37.859,144.9767
ID758031781,1 Dorothy St,3,h,802000.0,27/05/2017,2.0,1.0,450.0,59.0,-37.71872000000001,144.94871
ID594062312,3 Arthur St,4,h,1910000.0,23/09/2017,3.0,2.0,416.0,5.0,-37.82671,145.11068
ID193615120,20 Bryant St,5,h,1550000.0,13/05/2017,1.0,1.0,432.0,104.0,-37.7859,144.9323
ID833035259,30 Shepherd St,3,h,730000.0,29/04/2017,1.0,3.0,586.0,17.0,-37.783,144.855
ID527367185,1/6 Burvale Ct,3,t,555000.0,27/05/2017,2.0,2.0,286.0,11.0,-37.69728,144.87455
ID829532159,67 Wilson St,2,h,1460000.0,9/09/2017,1.0,2.0,175.0,119.0,-37.84401,144.99839
ID657995193,62 Dowding Cl,4,h,615000.0,16/04/2016,2.0,3.0,476.0,42.0,-37.696999999999996,144.9655
ID379062130,241 Buckley St,4,h,1380000.0,12/08/2017,2.0,2.0,766.0,139.0,-37.75595,144.90551000000005
ID447909219,5 Almora Cl,3,h,545000.0,24/06/2017,2.0,2.0,571.0,59.0,-38.14444,145.16788
ID774535391,1/30 Burns St,3,t,810000.0,24/06/2017,2.0,2.0,209.0,59.0,-37.78707,144.87608
ID451684381,36 The Ridge,3,t,1775000.0,13/05/2017,2.0,2.0,410.0,139.0,-37.8178,145.0649
ID433247029,649 Queensberry St,2,h,940000.0,29/04/2017,1.0,0.0,89.0,129.0,-37.9394,145.089
ID893735588,44 McLean Av,3,h,1300000.0,26/08/2017,2.0,2.0,566.0,59.0,-37.91469,145.02788999999999
ID417169587,1 Durkin St,2,h,740000.0,16/04/2016,2.0,1.0,213.0,13.0,-37.8441,144.8805
ID560899988,17/246 Wattletree Rd,2,u,1350000.0,4/03/2017,2.0,2.0,0.0,49.0,-37.8638,145.0379
ID336480831,2/32 Gardenia Rd,2,u,393000.0,14/05/2016,1.0,1.0,0.0,49.0,-37.8971,145.0093
ID590042228,42 Shiers St,4,h,1950000.0,30/07/2016,2.0,3.0,589.0,99.0,-37.7719,145.0309
ID151328266,4 Bendigo St,4,h,3200000.0,10/09/2016,3.0,3.0,760.0,99.0,-37.9326,144.9997
ID414584712,1/7 Boston Rd,3,h,1800000.0,16/07/2016,2.0,2.0,380.0,39.0,-37.8161,145.0772
ID340619145,2/25 El Nido Gr,2,t,707000.0,13/08/2016,1.0,1.0,144.0,19.0,-37.891999999999996,145.0482
ID953991719,14 Delmont St,3,h,730000.0,4/03/2017,2.0,3.0,628.0,59.0,-37.7801,144.8121
ID677676347,43 Molesworth St,4,h,800000.0,8/07/2017,2.0,0.0,1151.0,50.0,-38.11336,145.15035
ID807470553,33 Gordon Gr,4,h,871000.0,27/11/2016,2.0,1.0,561.0,69.0,-37.7369,145.0201
ID833200643,1/43 Inglesby Rd,2,u,682000.0,29/07/2017,1.0,1.0,1106.0,49.0,-37.83473,145.05698
ID459696198,10 Hastings St,3,h,1460000.0,17/09/2016,1.0,2.0,742.0,69.0,-37.8529,145.0962
ID810789351,211 Scotchmer St,4,h,1620000.0,26/08/2017,1.0,1.0,241.0,129.0,-37.78346,144.98685
ID569872712,14 Kerr St,4,h,1562000.0,24/06/2017,2.0,1.0,592.0,59.0,-37.81175,145.14213999999996
ID461913112,1/177 Oakleigh Rd,2,u,586000.0,4/03/2017,1.0,1.0,898.0,49.0,-37.9003,145.0634
ID979282672,10 Altona St,2,h,905000.0,8/10/2016,2.0,1.0,138.0,20.0,-37.799,144.9276
ID721861976,5/240 Barkly St,1,u,370500.0,10/12/2016,1.0,1.0,0.0,59.0,-37.8722,144.9805
ID800453629,305/28 Burnley St,1,u,327000.0,7/11/2016,1.0,1.0,0.0,7.0,-37.8127,145.0094
ID345504699,7 Barbara St,3,h,1090000.0,3/12/2016,2.0,2.0,784.0,59.0,-37.9368,145.0568
ID698252566,5 Burns Ct,3,h,909000.0,12/11/2016,2.0,2.0,585.0,59.0,-37.7358,145.0546
ID648018316,5/148 Nepean Hwy,3,t,805000.0,15/07/2017,2.0,2.0,0.0,13.0,-38.02768,145.10187
ID964757393,77 Corrigan Av,2,u,555000.0,29/07/2017,2.0,1.0,207.0,9.0,-37.820009999999996,144.84245
ID837392921,27 Parkmore Rd,4,h,1310000.0,18/03/2017,2.0,2.0,606.0,16.0,-37.9147,145.0645
ID405006262,716/22 Dorcas St,1,u,385500.0,4/03/2017,1.0,1.0,1826.0,9.0,-37.8301,144.9697
ID705761745,21a Edgar St,3,u,465000.0,4/06/2016,1.0,1.0,225.0,14.0,-37.7068,144.9467
ID979418325,52 Monash St,3,h,580500.0,29/07/2017,1.0,1.0,532.0,39.0,-37.66101,145.02568
ID850351233,87 Hope St,3,t,955000.0,11/02/2017,2.0,2.0,327.0,12.0,-37.7636,144.9559
ID197119368,253 Richardson St,2,h,1500000.0,9/09/2017,1.0,1.0,194.0,99.0,-37.8503,144.96376
ID351246343,70 Munster Tce,2,t,1105000.0,4/03/2017,2.0,1.0,88.0,9.0,-37.8018,144.9429
ID274309536,25 Florence Cl,3,h,613000.0,18/06/2016,1.0,2.0,745.0,34.0,-37.7007,144.9815
ID882138462,215 Burnley St,2,h,912000.0,16/07/2016,1.0,2.0,204.0,114.0,-37.821,145.0082
ID887253788,21 Fiddes St,3,h,1224000.0,3/09/2016,1.0,3.0,834.0,59.0,-37.9376,145.0474
ID987893630,68 Hunter Rd,4,h,2950000.0,7/05/2016,2.0,4.0,661.0,59.0,-37.8382,145.0904
ID878908078,16 Wrexham Rd,3,h,2080000.0,24/06/2017,2.0,2.0,754.0,114.0,-37.856790000000004,145.00089
ID426073597,5/319 Buckley St,2,u,373000.0,27/11/2016,1.0,1.0,0.0,3.0,-37.7553,144.8996
ID821010006,16B Newberry Av,4,t,1830000.0,16/09/2017,3.0,2.0,353.0,15.0,-38.06189000000001,145.11766
ID115153863,32 Essex St,3,h,690500.0,3/06/2017,1.0,0.0,637.0,39.0,-37.7756,144.84235
ID652911467,21 David St,4,h,720000.0,26/08/2017,2.0,2.0,1611.0,49.0,-37.87931,145.41288
ID716396405,3/21 Lex Gr,3,u,648000.0,29/04/2017,1.0,1.0,0.0,21.0,-37.7188,144.9243
ID813623430,197A Jasper Rd,3,t,1375000.0,20/05/2017,3.0,2.0,338.0,7.0,-37.9166,145.0418
ID220791037,74 Chirnside St,3,h,1340000.0,19/11/2016,2.0,0.0,272.0,104.0,-37.8079,144.8825
ID409641809,206 Waiora Rd,4,h,1610000.0,18/06/2016,1.0,4.0,1613.0,59.0,-37.7324,145.0606
ID842109426,3 Fidge Ct,3,h,600000.0,22/05/2016,1.0,2.0,647.0,59.0,-37.6904,144.9121
ID365273719,3/16 Wheeler St,3,u,932000.0,15/10/2016,2.0,1.0,180.0,22.0,-37.9069,145.041
ID937598543,10 Plover Cl,3,h,634000.0,23/09/2017,1.0,1.0,586.0,59.0,-38.14738,145.16653
ID823310806,164 Cecil St,3,h,2075000.0,27/11/2016,2.0,0.0,141.0,129.0,-37.8333,144.9576
ID542801207,60 Cramer St,3,h,910000.0,14/05/2016,1.0,1.0,486.0,64.0,-37.7395,144.9966
ID516699881,68 Heritage Dr,3,h,675000.0,16/09/2017,1.0,4.0,640.0,39.0,-37.65296,145.04564
ID377271664,36 Invermay Gr,4,h,2381000.0,15/10/2016,2.0,2.0,457.0,119.0,-37.8332,145.0461
ID571435565,12/209 Cardigan St,2,u,600000.0,30/07/2016,1.0,1.0,0.0,129.0,-37.8018,144.965
ID527144224,17 Barnard Ct,3,h,735000.0,4/03/2017,1.0,2.0,539.0,69.0,-37.7877,144.8398
ID847536504,41 Barkly St,3,h,1679000.0,19/11/2016,2.0,0.0,326.0,99.0,-37.7776,144.9751
ID159996217,31 Gladstone Av,3,h,1335000.0,22/07/2017,1.0,1.0,390.0,99.0,-37.765879999999996,144.99731
ID131779457,22 Avenue Rd,2,h,1175000.0,27/11/2016,1.0,1.0,246.0,59.0,-37.8336,145.0612
ID156859345,14/89 Fitzroy St,1,u,400000.0,7/05/2016,1.0,1.0,0.0,21.0,-37.8605,144.9769
ID139351975,8 Castlereagh Pl,3,h,715000.0,22/04/2017,1.0,2.0,312.0,63.0,-37.7031,145.0773
ID760621973,172 Albert St,2,h,1060000.0,10/12/2016,1.0,0.0,106.0,109.0,-37.8346,144.9373
ID928202702,93 Westmoreland Rd,2,h,715000.0,15/10/2016,1.0,2.0,588.0,64.0,-37.7674,144.8362
ID130050141,431 George St,3,h,1250000.0,17/09/2016,1.0,1.0,113.0,129.0,-37.7966,144.9821
ID540598199,201/8 Blanche St,2,u,561000.0,14/05/2016,1.0,1.0,0.0,19.0,-37.8653,144.9824
ID459951181,28 Graham Rd,3,h,1257000.0,29/07/2017,1.0,2.0,572.0,9.0,-37.9526,145.04207
ID627420470,504/2 Golding St,2,u,600000.0,15/07/2017,1.0,1.0,0.0,5.0,-37.82214000000001,145.03288
ID282531092,24 Marcus Rd,3,h,1204000.0,12/08/2017,1.0,2.0,716.0,44.0,-37.77006,145.10429
ID183951925,25 Valencia St,2,h,1300000.0,8/10/2016,1.0,5.0,528.0,24.0,-37.7617,144.8987
ID846645303,13/62 Wellington St,1,u,461000.0,27/11/2016,1.0,1.0,0.0,89.0,-37.8571,144.987
ID425885641,13 Willonga St,3,h,1000000.0,25/02/2017,1.0,2.0,697.0,19.0,-37.7273,144.917
ID390392417,8 Ovata Cl,4,h,915000.0,4/03/2017,3.0,1.0,531.0,29.0,-37.7198,145.1034
ID334337241,21 Middle St,3,h,1130000.0,23/04/2016,2.0,1.0,272.0,119.0,-37.7774,144.928
ID736998054,1/180 Queens Pde,2,t,1054000.0,10/09/2016,2.0,1.0,0.0,119.0,-37.7903,144.9859
ID888597994,3/50 Berembong Dr,2,u,490000.0,13/05/2017,1.0,2.0,220.0,18.0,-37.7346,144.8584
ID628875248,7 Bowen St,3,h,2000000.0,19/11/2016,2.0,1.0,217.0,109.0,-37.8158,144.9931
ID362892544,1/41 Bardsley St,3,u,518000.0,24/06/2017,1.0,1.0,322.0,20.0,-37.79209,144.82023999999996
ID251706569,14 Breadalbane Pl,3,h,1410000.0,20/05/2017,2.0,2.0,315.0,2.0,-37.8496,144.8868
ID975062942,2a Cherrill St,3,h,1837500.0,27/05/2017,2.0,1.0,93.0,5.0,-37.829209999999996,145.00826
ID772642951,19 Railway Pl,3,h,750000.0,18/06/2016,1.0,2.0,409.0,79.0,-37.7486,144.9992
ID872452316,28 Church St,4,h,2025000.0,15/10/2016,2.0,2.0,237.0,39.0,-37.8507,145.0298
ID304019808,13/27 Patterson Rd,2,u,650000.0,10/12/2016,1.0,1.0,116.0,59.0,-37.9245,145.0336
ID296915556,2 Herod Pl,3,h,640000.0,9/09/2017,2.0,2.0,607.0,64.0,-37.673790000000004,144.89826000000005
ID433337861,54 Watts St,4,h,1661000.0,16/07/2016,2.0,2.0,729.0,129.0,-37.8143,145.1262
ID933249957,11 Pacific Pl,3,h,695000.0,3/06/2017,2.0,2.0,665.0,29.0,-37.69408,144.77861000000001
ID770624027,425 Cardigan St,4,h,2345000.0,28/08/2016,1.0,1.0,284.0,20.0,-37.7962,144.9659
ID190245682,101/27 Dickmann St,2,u,690000.0,13/05/2017,2.0,1.0,760.0,9.0,-37.825,144.9976
ID627538150,2/13 Estella St,2,u,690000.0,24/09/2016,1.0,2.0,166.0,59.0,-37.863,145.0631
ID908757891,203/150 Peel St,2,u,598000.0,27/11/2016,1.0,1.0,0.0,14.0,-37.8044,144.9566
ID762645884,77 Suffolk St,2,h,495000.0,24/09/2016,1.0,2.0,161.0,42.0,-37.7905,144.8714
ID833368547,32/10 Acland St,1,u,380000.0,4/06/2016,1.0,1.0,2879.0,52.0,-37.863,144.9747
ID353072128,31b Purtell St,4,t,1465000.0,18/06/2016,2.0,2.0,319.0,4.0,-37.9256,145.0533
ID253631491,5/39 Shelley St,2,u,680000.0,4/03/2017,1.0,1.0,510.0,10.0,-37.881,144.9837
ID363379336,1/209 Purinuan Rd,2,t,652000.0,13/05/2017,2.0,2.0,254.0,12.0,-37.7071,145.0108
ID938846702,4 Agatha St,3,h,1240000.0,8/10/2016,2.0,2.0,307.0,119.0,-37.7543,144.9249
ID257258146,40 Waratah St,4,t,950000.0,18/03/2017,2.0,1.0,450.0,79.0,-37.9133,145.0837
ID889023520,16 Joffre St,3,t,1515000.0,18/06/2016,2.0,2.0,318.0,89.0,-37.8447,145.0916
ID187228817,2/32 Burns St,3,t,555000.0,17/09/2016,1.0,2.0,210.0,7.0,-37.7869,144.8749
ID621306667,37 Thompson St,4,h,1715000.0,3/12/2016,2.0,2.0,705.0,97.0,-37.9035,145.028
ID730534744,124 Oriel Rd,3,h,780000.0,27/05/2017,1.0,2.0,680.0,5.0,-37.75255,145.03972
ID487945479,13 Clements Gr,2,h,635000.0,15/10/2016,2.0,2.0,654.0,49.0,-37.7134,145.0235
ID385064643,16 Allanfield Cr,3,h,855000.0,22/07/2017,1.0,2.0,730.0,49.0,-37.86288,145.25077
ID372763862,396 Dorcas St,4,h,1620000.0,3/12/2016,2.0,0.0,163.0,129.0,-37.8355,144.951
ID287665101,2 Dransfield Wy,3,h,552500.0,23/09/2017,1.0,1.0,521.0,29.0,-37.63854,145.05178999999995
ID150412596,23 Darling Rd,3,h,1650000.0,28/05/2016,1.0,2.0,764.0,94.0,-37.8814,145.0583
ID909543143,16 Wendora St,3,h,1075000.0,24/09/2016,2.0,1.0,752.0,19.0,-37.7303,144.9198
ID863774529,2/3 Burkitt Ct,3,u,496000.0,6/08/2016,1.0,1.0,266.0,29.0,-37.7322,145.0318
ID910158155,17 Windoo St,3,h,611000.0,1/07/2017,2.0,1.0,691.0,59.0,-38.119479999999996,145.14928
ID441507701,4/6 Turner St,2,u,600000.0,24/09/2016,1.0,1.0,166.0,54.0,-37.7624,144.9365
ID266965513,15 Moody St,4,h,2910000.0,10/12/2016,3.0,2.0,1070.0,27.0,-37.7975,145.0716
ID312952392,11 Caldwell St,3,h,721000.0,8/10/2016,1.0,2.0,674.0,43.0,-37.7102,144.9362
ID789893950,5 Union St,3,h,1520000.0,30/07/2016,1.0,2.0,248.0,119.0,-37.8185,144.9935
ID803202988,2 Hope St,3,h,1080000.0,10/12/2016,2.0,1.0,369.0,64.0,-37.7389,144.9821
ID198699521,5 Hakea St,3,h,469000.0,16/09/2017,1.0,2.0,585.0,60.0,-37.99515,145.23244
ID767764340,8 Pentland St,3,h,1435000.0,12/11/2016,2.0,2.0,532.0,69.0,-37.7737,144.904
ID641746052,11 Milton St,4,h,1400000.0,17/06/2017,1.0,3.0,165.0,109.0,-37.77352,144.92188000000004
ID496084831,403/64 Wellington St,2,u,460000.0,1/07/2017,1.0,1.0,0.0,26.0,-37.85709,144.9873
ID755326497,87 Orrong Rd,3,h,1750000.0,19/11/2016,2.0,2.0,517.0,119.0,-37.8813,145.0063
ID284351981,26 Warburton St,3,h,1340000.0,27/11/2016,1.0,1.0,316.0,109.0,-37.7741,144.9703
ID647495947,2/20 Simpsons Rd,2,u,761000.0,18/06/2016,2.0,1.0,176.0,19.0,-37.8171,145.1343
ID889911568,5A Hornby St,2,h,1410000.0,17/06/2017,1.0,2.0,708.0,19.0,-37.91488,145.01868000000005
ID694173845,4/6 Crown Av,2,u,600000.0,29/07/2017,1.0,1.0,0.0,52.0,-38.00765,145.0935
ID528050838,92A Southern Rd,2,h,510000.0,25/02/2017,1.0,2.0,244.0,7.0,-37.7421,145.0491
ID689392505,426 Dorcas St,4,h,1800000.0,12/08/2017,3.0,1.0,153.0,119.0,-37.83591,144.94963
ID504992468,50 Finch St,3,h,1170000.0,12/08/2017,1.0,3.0,590.0,19.0,-37.85553,145.12305
ID817919846,3/11 Brougham St,1,u,370000.0,3/12/2016,1.0,1.0,502.0,69.0,-37.8214,144.9997
ID661881778,11 Delmare St,3,h,700000.0,19/08/2017,1.0,1.0,537.0,44.0,-37.669579999999996,145.02941
ID390557950,26 Everton Gr,4,h,1490000.0,20/05/2017,1.0,4.0,605.0,39.0,-37.8292,145.1053
ID961593439,12 Omama Rd,4,h,1641000.0,28/08/2016,1.0,1.0,560.0,49.0,-37.8897,145.0709
ID190786943,28 Brinsley Rd,4,h,2650000.0,3/09/2016,2.0,1.0,652.0,129.0,-37.8286,145.0686
ID289372850,6 Hamilton St,2,h,1840000.0,12/08/2017,2.0,2.0,697.0,69.0,-37.7976,145.04816
ID627125891,20 Wright St,4,h,1150000.0,25/02/2017,2.0,2.0,384.0,93.0,-37.9155,145.0301
ID750836067,20 Vanessa Ct,4,h,937500.0,28/05/2016,2.0,2.0,539.0,26.0,-37.9413,145.0957
ID326649029,5/6 Pottery Ct,2,u,590000.0,24/09/2016,1.0,1.0,0.0,15.0,-37.7703,144.9533
ID503156326,5 Stanley St,3,h,1465000.0,10/09/2016,1.0,2.0,630.0,59.0,-37.7635,145.039
ID467204780,24 Batman St,2,h,1255000.0,18/03/2017,1.0,0.0,148.0,129.0,-37.7841,144.9793
ID471708499,18A Hart St,3,t,730000.0,17/06/2017,1.0,2.0,242.0,9.0,-37.72893,144.88859
ID271996584,82 Gowanbrae Dr,4,h,945000.0,17/06/2017,2.0,4.0,474.0,19.0,-37.70626,144.89551
ID306935716,6 Troup Ct,3,h,485000.0,22/07/2017,1.0,1.0,633.0,59.0,-37.89444,144.65591
ID256229462,7/501 Orrong Rd,3,u,732000.0,18/06/2016,2.0,2.0,0.0,119.0,-37.8597,145.0104
ID738837554,3/47 Southern Rd,2,h,510000.0,27/11/2016,1.0,1.0,174.0,59.0,-37.7433,145.0545
ID914677763,6/26 Mercer Rd,2,u,825000.0,7/05/2016,1.0,1.0,0.0,49.0,-37.8528,145.0268
ID730108236,1/141 South Rd,3,h,1240000.0,29/07/2017,2.0,2.0,206.0,39.0,-37.928940000000004,145.00341
ID113745024,126 Heath St,3,h,3705000.0,27/11/2016,2.0,2.0,214.0,5.0,-37.8341,144.9458
ID971796703,2/19 Camden St,2,u,474000.0,22/05/2016,1.0,1.0,0.0,49.0,-37.8667,144.9917
ID763525748,53 Derby St,2,h,951000.0,15/07/2017,1.0,1.0,172.0,119.0,-37.7638,144.9089
ID596052752,60 Robert St,4,h,710000.0,29/07/2017,1.0,1.0,627.0,49.0,-37.667809999999996,145.00926
ID255975771,3/124 Highbury Rd,3,t,702000.0,28/08/2016,2.0,1.0,170.0,18.0,-37.8554,145.1089
ID805130224,15 Jubilee St,4,h,1040000.0,17/09/2016,2.0,2.0,299.0,15.0,-37.8477,144.8706
ID742078086,1173 North Rd,3,h,1035000.0,12/11/2016,1.0,2.0,650.0,44.0,-37.91,145.0914
ID479845683,14 Chris Ct,3,h,870000.0,16/09/2017,2.0,2.0,587.0,69.0,-38.02105,145.11982
ID606062885,37 North St,3,t,825000.0,19/11/2016,2.0,1.0,293.0,59.0,-37.72,144.8776
ID843022179,39A McArthur St,4,t,1200000.0,3/06/2017,2.0,2.0,293.0,7.0,-37.925940000000004,145.03184
ID488670370,11 Webb St,2,h,1322500.0,26/08/2017,1.0,1.0,731.0,69.0,-37.85621,145.10641
ID267396409,146 Donald St,3,h,1325000.0,23/09/2017,1.0,1.0,331.0,99.0,-37.75877,144.97316
ID662996829,2/42 Gowrie St,3,h,930000.0,27/11/2016,2.0,2.0,258.0,12.0,-37.9162,145.0799
ID652589373,13 Baily St,4,h,1387000.0,24/06/2017,2.0,4.0,691.0,823.0,-37.86827,145.1452
ID447046259,124 Abbott St,3,h,1651000.0,22/07/2017,2.0,1.0,390.0,69.0,-37.95035,145.01571
ID729425547,4/6 Linton St,2,u,504000.0,10/12/2016,1.0,1.0,0.0,39.0,-37.7712,145.0455
ID351560918,510/166 Rouse St,1,u,500000.0,4/06/2016,1.0,1.0,0.0,13.0,-37.8416,144.939
ID322755915,9 Lord St,2,h,620000.0,10/12/2016,1.0,2.0,0.0,7.0,-37.8852,145.0462
ID165885002,39 Diane Cr,3,h,930000.0,12/08/2017,1.0,4.0,905.0,99.0,-37.78216,145.30721
ID284381052,10 Maroondah Rd,4,h,1270000.0,8/10/2016,2.0,1.0,724.0,69.0,-37.8651,145.1109
ID473406743,1/5 Harrow Ct,4,u,885000.0,17/06/2017,2.0,2.0,493.0,11.0,-37.78457,145.10453
ID678902892,10 Sheridan Wy,3,h,490000.0,29/07/2017,2.0,2.0,400.0,23.0,-37.625840000000004,144.92506
ID529135978,3 Arnold St,3,h,650000.0,19/08/2017,1.0,1.0,650.0,54.0,-37.78651,144.81357
ID351411908,33 Wellington St,3,h,860000.0,4/06/2016,1.0,1.0,283.0,104.0,-37.7416,144.9582
ID352403469,3 Artemis Ct,4,h,1280000.0,19/08/2017,2.0,2.0,887.0,49.0,-37.77493,145.12547
ID377909098,3 Freame St,3,h,1081000.0,24/09/2016,1.0,1.0,448.0,79.0,-37.8171,144.8753
ID526247828,67 McGregor St,3,h,2010000.0,3/06/2017,1.0,0.0,207.0,129.0,-37.853559999999995,144.96415
ID201795856,91 Carrick Dr,3,h,755000.0,27/05/2017,1.0,1.0,935.0,44.0,-37.69744,144.89073
ID520422788,404/9 Florence St,2,u,755000.0,27/05/2017,1.0,0.0,0.0,129.0,-37.76162,144.9608
ID228726427,17 Wishart St,3,h,952000.0,12/11/2016,2.0,2.0,246.0,59.0,-37.9356,145.0268
ID956675885,52 Eastern Rd,3,h,2525000.0,27/11/2016,2.0,1.0,234.0,156.0,-37.8355,144.9663
ID121202868,151 Power St,4,h,1976000.0,27/11/2016,2.0,2.0,410.0,129.0,-37.8246,145.026
ID258320127,13 Lord St,4,h,1550000.0,15/07/2017,2.0,1.0,642.0,10.0,-37.88512,145.04554
ID336266480,6 Cassowary Av,3,h,505000.0,15/07/2017,2.0,4.0,557.0,32.0,-37.87975,144.66459
ID921586588,15 May St,4,h,1820000.0,16/09/2017,2.0,2.0,412.0,79.0,-37.93598,145.01152
ID202623636,22 Wilson Bvd,3,h,610000.0,8/04/2017,1.0,2.0,435.0,59.0,-37.7054,144.9945
ID320279984,8 Tambet St,3,h,1106000.0,10/12/2016,1.0,2.0,584.0,59.0,-37.9183,145.071
ID670942111,155 Nicholson St,3,h,825000.0,23/04/2016,1.0,2.0,577.0,99.0,-37.7459,144.9773
ID878211774,25 Watson St,3,h,715000.0,28/05/2016,1.0,1.0,467.0,109.0,-37.7444,145.014
ID694577217,75 Maribyrnong Rd,6,h,2425000.0,4/06/2016,3.0,2.0,1014.0,132.0,-37.7721,144.9184
ID677446291,8 High St,3,h,607500.0,18/06/2016,1.0,2.0,487.0,69.0,-37.7883,144.8439
ID433831172,3/22 Stapley Cr,3,t,977500.0,22/07/2017,3.0,3.0,209.0,7.0,-37.88923,145.0964
ID692106130,3/5 Peak St,2,u,523000.0,27/11/2016,1.0,1.0,0.0,59.0,-37.8801,145.0874
ID113544477,16 Clifton St,4,h,1216000.0,3/09/2017,1.0,2.0,583.0,39.0,-37.93206,145.07929
ID534907898,3/117 Gordon St,3,t,687000.0,27/11/2016,1.0,1.0,116.0,24.0,-37.7454,144.9487
ID145238658,2/9 Buckland St,2,u,503000.0,10/12/2016,1.0,1.0,0.0,59.0,-37.7822,144.9342
ID697281251,20 Hilton St,2,h,973000.0,12/08/2017,1.0,0.0,163.0,49.0,-37.793,144.98763
ID641751257,96 Southern Rd,3,h,805000.0,20/05/2017,1.0,0.0,592.0,79.0,-37.7421,145.0487
ID794527376,24 Fossickers Wy,3,h,826000.0,15/07/2017,2.0,0.0,830.0,44.0,-37.75079,145.20617
ID620572856,19 Dena Ct,4,h,1860000.0,24/06/2017,3.0,3.0,682.0,24.0,-37.7572,145.15456
ID456670734,3/145 Glen Huntly Rd,2,u,670000.0,16/07/2016,2.0,1.0,0.0,49.0,-37.883,144.9916
ID121522835,1C Baird St,3,h,1750800.0,27/05/2017,4.0,2.0,424.0,7.0,-37.92988,145.01085
ID137399255,2/55 Garnet St,3,t,820000.0,7/11/2016,2.0,1.0,229.0,7.0,-37.7462,144.8873
ID946214619,9/6 Rosamond Rd,2,t,410000.0,15/10/2016,2.0,1.0,65.0,5.0,-37.7881,144.8838
ID435470986,21 Shirley St,3,h,582000.0,8/07/2017,1.0,0.0,674.0,59.0,-37.73704,144.79108
ID323106248,1/67 Milleara Rd,2,u,502000.0,22/05/2016,1.0,2.0,0.0,29.0,-37.7346,144.8646
ID576932549,11 Bluegum Av,5,h,1591000.0,22/07/2017,3.0,3.0,923.0,109.0,-37.90213,145.18444
ID358932859,28 Guildford Rd,3,h,2009000.0,3/09/2016,1.0,2.0,843.0,19.0,-37.821999999999996,145.0897
ID882244112,109 Rankins Rd,2,h,1234500.0,13/08/2016,2.0,2.0,169.0,11.0,-37.7922,144.9316
ID567623887,7/56 Leicester St,2,t,880000.0,13/08/2016,2.0,2.0,0.0,19.0,-37.7953,144.9775
ID242034863,1/30 Archibald St,2,u,488000.0,14/05/2016,1.0,2.0,219.0,18.0,-37.7283,144.9331
ID686015038,16 Hayes Pde,5,h,958000.0,29/04/2017,2.0,2.0,706.0,69.0,-37.7328,144.9281
ID995112131,42 Agg St,3,h,930000.0,10/12/2016,2.0,1.0,343.0,99.0,-37.8432,144.8764
ID692595193,178 Weston St,2,h,1080000.0,10/09/2016,1.0,0.0,193.0,129.0,-37.7765,144.9751
ID456854460,104 Williamstown Rd,2,h,677500.0,7/05/2016,1.0,1.0,224.0,104.0,-37.8083,144.8841
ID148595944,18 Grant St,4,h,2960000.0,22/08/2016,2.0,4.0,798.0,21.0,-37.8719,145.0511
ID336558490,30 Leslie St,5,h,1328000.0,12/08/2017,3.0,3.0,785.0,39.0,-37.78148,145.17818
ID183126495,73 Barkly St,3,h,1265000.0,27/05/2017,1.0,0.0,161.0,99.0,-37.77742,144.97388
ID523023555,4 Box Ct,3,h,1640000.0,29/04/2017,1.0,2.0,733.0,49.0,-37.9219,145.0518
ID635273233,302/34 Union St,2,u,1180000.0,27/11/2016,1.0,1.0,0.0,9.0,-37.7738,144.9585
ID559765682,68 Leila Rd,4,h,1410000.0,25/02/2017,3.0,3.0,650.0,49.0,-37.9011,145.05100000000004
ID989443003,100 South St,2,h,330000.0,22/05/2016,1.0,1.0,249.0,49.0,-37.714,144.939
ID682671113,13 Gish Ct,5,h,800000.0,23/04/2016,2.0,1.0,808.0,49.0,-37.7091,144.9491
ID835229320,68 Bournian Av,4,h,1625000.0,23/09/2017,3.0,2.0,224.0,69.0,-37.73545,144.92164
ID568368614,36 Henry St,5,h,1400000.0,8/10/2016,3.0,2.0,656.0,34.0,-37.7752,145.1317
ID568623992,4/17 Bulla Rd,1,u,260000.0,10/09/2016,1.0,1.0,0.0,49.0,-37.7428,144.9086
ID559905642,4 Baker Pde,3,h,1500000.0,22/05/2016,1.0,2.0,545.0,29.0,-37.8605,145.0833
ID856780722,7/43 Argyle St,2,u,700000.0,24/06/2017,1.0,1.0,470.0,12.0,-37.79723,144.97686000000004
ID680997582,2/859 Toorak Rd,3,t,1465000.0,3/06/2017,2.0,2.0,265.0,9.0,-37.84506,145.05246
ID342534948,8 Herbert St,3,h,705000.0,22/05/2016,1.0,1.0,581.0,59.0,-37.7691,144.8575
ID601339119,5 Robin Ct,4,h,1782000.0,25/02/2017,3.0,3.0,586.0,17.0,-37.7739,145.1287
ID113745024,126 Heath St,3,h,3705000.0,27/11/2016,2.0,2.0,214.0,5.0,-37.8341,144.9458
ID627420470,504/2 Golding St,2,u,600000.0,15/07/2017,1.0,1.0,0.0,5.0,-37.82214000000001,145.03288
ID411398457,308/163 Cremorne St,2,u,565000.0,24/09/2016,1.0,1.0,0.0,12.0,-37.8301,144.9904
ID711968625,232 Williams Rd,3,h,1635000.0,3/12/2016,1.0,2.0,386.0,19.0,-37.8435,145.0043
ID953991719,14 Delmont St,3,h,730000.0,4/03/2017,2.0,3.0,628.0,59.0,-37.7801,144.8121
ID362892544,1/41 Bardsley St,3,u,518000.0,24/06/2017,1.0,1.0,322.0,20.0,-37.79209,144.82023999999996
ID371596448,25 Moodemere St,3,h,802000.0,27/05/2017,1.0,1.0,818.0,39.0,-37.97712,145.17516
ID113544477,16 Clifton St,4,h,1216000.0,3/09/2017,1.0,2.0,583.0,39.0,-37.93206,145.07929
ID979418325,52 Monash St,3,h,580500.0,29/07/2017,1.0,1.0,532.0,39.0,-37.66101,145.02568
ID531376929,19 Kurrajong St,3,h,1040000.0,6/08/2016,2.0,2.0,598.0,49.0,-37.9132,145.0782
ID785448005,14 The Avenue,3,h,540000.0,9/09/2017,2.0,2.0,362.0,14.0,-37.6366,145.07226
ID824685538,1a Werona St,2,t,670000.0,26/07/2016,2.0,1.0,123.0,12.0,-37.9307,145.0379
ID527367185,1/6 Burvale Ct,3,t,555000.0,27/05/2017,2.0,2.0,286.0,11.0,-37.69728,144.87455
ID244815435,2 Fairbank Pl,5,h,355000.0,3/06/2017,2.0,2.0,666.0,43.0,-37.67523,144.55833
ID531376929,19 Kurrajong St,3,h,1040000.0,6/08/2016,2.0,2.0,598.0,49.0,-37.9132,145.0782
ID284351981,26 Warburton St,3,h,1340000.0,27/11/2016,1.0,1.0,316.0,109.0,-37.7741,144.9703
ID441507701,4/6 Turner St,2,u,600000.0,24/09/2016,1.0,1.0,166.0,54.0,-37.7624,144.9365
ID921293351,25 Coppin La,4,h,870000.0,12/08/2017,2.0,2.0,463.0,7.0,-37.73531,144.74335
ID878908078,16 Wrexham Rd,3,h,2080000.0,24/06/2017,2.0,2.0,754.0,114.0,-37.856790000000004,145.00089
